product_id,product_name,category,group,base_sales
AGU-001,VITAL 600 ML,AGUA,drinks,12.83
AGU-002,VITAL 1 LITRO,AGUA,drinks,25.28
AGU-003,VITAL 2 LITROS,AGUA,drinks,20.62
AGU-004,VITAL 3 LITROS,AGUA,drinks,18.0
AGU-005,VITAL 2 LITROS CON GAS,AGUA,drinks,17.58
AGU-006,AGUA TÓNICA 1 LITRO,AGUA,drinks,29.34
AGU-007,AGUA EN BOLSA,AGUA,drinks,32.44
AMR-001,CREMA DE AMARULA BROWN 750 ML,AMARULA,table_alcohol,1.89
AMR-002,CREMA DE AMARULA RASPBERRY 750 ML,AMARULA,table_alcohol,4.26
AMR-003,CREMA DE AMARULA VAINILLA DE 750 ML,AMARULA,table_alcohol,2.49
AMR-004,CREMA DE AMARULA ETHIOPIAN COFFEE DE 750 ML,AMARULA,table_alcohol,5.83
AMR-005,BAILEYS THE ORIGINAL DE 750 ML,AMARULA,table_alcohol,5.6
AMR-006,SHERIDAN'S LICOR DE CAFÉ,AMARULA,table_alcohol,4.18
APT-001,AMERICANO GANCIA,APERITIVO,party_alcohol,4.01
ATC-001,ALIKAL,ANTIÁCIDOS,store,1.52
BBD-001,FOUR LOKO EN LATA,BEBIDAS,drinks,17.39
BBD-002,DOCTOR LEMON LATA,BEBIDAS,drinks,11.73
BBD-003,DOCTOR LEMON BOTELLA,BEBIDAS,drinks,10.08
BBD-004,CUBA LIBRE EN LATA,BEBIDAS,drinks,9.17
BOT-001,BOTELLAS VINO,BOTELLAS,store,1.45
CHL-001,SAPITO,CHOCOLATES,store,9.78
CHL-002,BATON,CHOCOLATES,store,8.74
CHL-003,MOMENTO,CHOCOLATES,store,11.29
CHL-004,COFLER BLOCK,CHOCOLATES,store,4.14
CHL-005,GOLPE,CHOCOLATES,store,8.92
CHR-001,CHERRYS,CHERRYS,party_alcohol,1.73
CMC-001,REY DEL BOLO,COCA MACHUCADA,store,2.59
CRR-001,BOHEM YOGUR AZUL,CIGARROS,store,13.92
CRR-002,LM AZUL,CIGARROS,store,11.53
CRR-003,LM AZUL CHICO,CIGARROS,store,9.5
CRR-004,LM ROJO GRANDE,CIGARROS,store,8.14
CRR-005,LM ROJO CHICO,CIGARROS,store,18.12
CRR-006,LM FORWARD UN CLICK GRANDE,CIGARROS,store,16.96
CRR-007,LM FORWARD UN CLICK CHICO,CIGARROS,store,14.1
CRR-008,LM FORWARD DOS CLICKS GRANDE,CIGARROS,store,10.18
CRR-009,LM FORWARD DOS CLICKS CHICO,CIGARROS,store,19.2
CRR-010,LM FORWARD MIX GRANDE,CIGARROS,store,13.45
CRR-011,LM FORWARD SPLASH GRANDE SANDIA,CIGARROS,store,11.49
CRR-012,LM VERDE,CIGARROS,store,18.51
CRR-013,CAMEL AMARILLO GRANDE,CIGARROS,store,9.79
CRR-014,CAMEL AMARILLO CHICO,CIGARROS,store,15.44
CRR-015,CAMEL ACTIVATE SIMPLE GRANDE,CIGARROS,store,9.71
CRR-016,CAMEL ACTIVATE DOBLE GRANDE,CIGARROS,store,8.92
CRR-017,CAMEL ACTIVATE SIMPLE CHICO,CIGARROS,store,15.51
CRR-018,LD,CIGARROS,store,8.42
CRR-019,DERBY BLANCO,CIGARROS,store,12.4
CRR-020,HILLS,CIGARROS,store,13.7
CRR-021,CIGARROS SUELTOS,CIGARROS,store,7.83
CVZ-001,PACEÑA LATA GRANDE,CERVEZA,party_alcohol,47.91
CVZ-002,PACEÑA BOTELLA LITRO CAJA,CERVEZA,party_alcohol,39.68
CVZ-003,PACEÑA PICO DE ORO BOTELLIN,CERVEZA,party_alcohol,42.97
CVZ-004,HUARI BOTELLIN,CERVEZA,party_alcohol,31.75
CVZ-005,HUARI MIEL BOTELLIN,CERVEZA,party_alcohol,33.91
CVZ-006,HUARI CHOCOLATE,CERVEZA,party_alcohol,37.27
CVZ-007,BALTICA LATA,CERVEZA,party_alcohol,36.15
CVZ-008,CHICHA TAQUIÑA LATA,CERVEZA,party_alcohol,45.4
CVZ-009,CORONA EN LATA,CERVEZA,party_alcohol,40.97
CVZ-010,BUDWEISER 473 ML,CERVEZA,party_alcohol,33.73
CVZ-011,BUDWEISER 710 ML,CERVEZA,party_alcohol,15.08
CVZ-012,HEINEKEN 710 ML,CERVEZA,party_alcohol,50.73
CVZ-013,SCHNEIDER 710 ML,CERVEZA,party_alcohol,38.37
CVZ-014,CORONA BOTELLIN,CERVEZA,party_alcohol,29.69
CVZ-015,QUILMES NEGRA,CERVEZA,party_alcohol,37.5
CVZ-016,QUILMES,CERVEZA,party_alcohol,19.21
CVZ-017,AMSTEL,CERVEZA,party_alcohol,55.71
CVZ-018,PACEÑA BOTELLA LITRO,CERVEZA,party_alcohol,59.54
END-001,ENCENDEDORES,ENCENDEDORES,store,2.23
ENG-001,POWER ROJO 600 ML,ENERGIZANTE,drinks,10.37
ENG-002,POWER AZUL 600 ML,ENERGIZANTE,drinks,15.95
ENG-003,POWER ROJO 1 LITRO,ENERGIZANTE,drinks,9.71
ENG-004,POWER AZUL 1 LITRO,ENERGIZANTE,drinks,13.51
ENG-005,SANTE,ENERGIZANTE,drinks,11.25
ENG-006,MONSTER LATA,ENERGIZANTE,drinks,16.61
ENG-007,ROCK STAR,ENERGIZANTE,drinks,19.38
ENG-008,MALTIN EN LATA,ENERGIZANTE,drinks,18.33
ENG-009,RED BULL,ENERGIZANTE,drinks,14.31
FRT-001,BRANCA MINI,FERNET,party_alcohol,4.12
FRT-002,BRANCA DE 1 LITRO,FERNET,party_alcohol,9.63
FRT-003,BRANCA DE 775 ML,FERNET,party_alcohol,3.17
FRT-004,BRANCA MENTA DE 750 ML,FERNET,party_alcohol,5.08
FRT-005,1882 DE 750 ML,FERNET,party_alcohol,4.97
FRT-006,CAPRI DE 750 ML,FERNET,party_alcohol,7.7
FRT-007,FERNET 1882 EN LATA,FERNET,party_alcohol,6.41
FRZ-001,BLUE DE 1 LITRO,FREEZEE,drinks,4.74
GIN-001,LONDON DRY GIN BULLDOG,GIN,party_alcohol,1.04
GIN-002,LONDON DRY GIN TANQUERAY DE 750 ML,GIN,party_alcohol,2.81
GIN-003,LONDON DRY GIN BOMBAY SAPPHIRE,GIN,party_alcohol,2.47
GIN-004,FLAMBOYANT CASA REAL,GIN,party_alcohol,2.8
GLL-001,CLUB SOCIAL,GALLETAS,store,8.51
GLL-002,OPERA,GALLETAS,store,11.12
GLL-003,OREO,GALLETAS,store,11.35
GLL-004,MERENGADAS,GALLETAS,store,5.51
GLL-005,SURTIDAS,GALLETAS,store,11.54
GLS-001,MASTICABLES,GOLOSINAS,store,29.27
GLS-002,CARAMELOS DULCE DE LECHE,GOLOSINAS,store,25.25
GLS-003,CARAMELOS MENTA CRISTAL,GOLOSINAS,store,25.81
GLS-004,CARAMELOS RELLENOS,GOLOSINAS,store,22.74
GLS-005,CHICLES POOSH MORADO,GOLOSINAS,store,32.77
GLS-006,CHICLES POOSH ROJO,GOLOSINAS,store,14.3
GLS-007,CHICLES POOSH VERDE,GOLOSINAS,store,24.18
GLS-008,CHICLES GROSO,GOLOSINAS,store,29.98
GLS-009,CHICLES CLORETS,GOLOSINAS,store,11.64
GLS-010,CHICLES ADAMS,GOLOSINAS,store,24.62
GLS-011,GOMITAS MOGUL PIECITOS,GOLOSINAS,store,18.88
GLS-012,GOMITAS MOGUL OSITOS,GOLOSINAS,store,28.68
GLS-013,CHICLES BELDENT ROSADO,GOLOSINAS,store,9.83
GLS-014,CHICLES BELDENT VERDE,GOLOSINAS,store,24.38
GLS-015,CHICLES BELDENT AZUL,GOLOSINAS,store,31.14
GLS-016,CHICLES BELDENT NEGRO,GOLOSINAS,store,24.97
GLS-017,MONEDITAS CHOCOLATES,GOLOSINAS,store,16.68
GLS-018,BON BON BUM,GOLOSINAS,store,25.71
GLS-019,BON O BON,GOLOSINAS,store,17.13
GLS-020,MENTITAS,GOLOSINAS,store,26.05
HLD-001,BOLO,HELADOS,drinks,8.21
HLD-002,VAQUITA LECHE,HELADOS,drinks,12.0
HLD-003,VAQUITA CHOCOLATE,HELADOS,drinks,5.82
HLD-004,WAFERITO BANANA,HELADOS,drinks,7.1
HLD-005,WAFERITO CHOCOLATE,HELADOS,drinks,18.87
HLD-006,HELADITAS,HELADOS,drinks,10.79
HLD-007,ROCKY,HELADOS,drinks,17.9
HLD-008,NEGRITO,HELADOS,drinks,21.49
HLD-009,SALSERO,HELADOS,drinks,27.03
HLD-010,GEMELOS,HELADOS,drinks,13.88
HLD-011,DELIZAURIO,HELADOS,drinks,12.97
HLD-012,MEGACONO,HELADOS,drinks,12.84
HLD-013,RICOCO CONO,HELADOS,drinks,7.95
HLD-014,RICOCO PALETA,HELADOS,drinks,21.58
HLD-015,ICE FRUIT MANGO,HELADOS,drinks,25.49
HLD-016,ALFREDO,HELADOS,drinks,16.83
HLD-017,TENTACIÓN FRAMBUESA,HELADOS,drinks,18.96
HLD-018,TENTACIÓN MORA,HELADOS,drinks,28.96
HLD-019,TENTACIÓN CONO,HELADOS,drinks,22.47
HLD-020,CONO WITH,HELADOS,drinks,23.63
HLD-021,CASATA,HELADOS,drinks,27.24
HLD-022,HELADO FAMILIAR,HELADOS,drinks,10.39
HLD-023,LENGUIX,HELADOS,drinks,21.25
HLO-001,HIELO GRANDE,HIELO,party_alcohol,20.76
HLO-002,HIELO CHICO,HIELO,party_alcohol,22.63
JGO-001,AQUARIUS PERA 300 ML,JUGO,drinks,7.78
JGO-002,AQUARIUS PERA 2 LITROS,JUGO,drinks,11.58
JGO-003,AQUARIUS PERA 3 LITROS,JUGO,drinks,10.65
JGO-004,AQUARIUS POMELO 2 LITROS,JUGO,drinks,8.5
JGO-005,AQUARIUS POMELO 3 LITROS,JUGO,drinks,5.12
JGO-006,JUGO DEL VALLE FRESH 3 LITROS,JUGO,drinks,7.88
JGO-007,LINAZA 2 LITROS,JUGO,drinks,14.6
JGO-008,KARPIL,JUGO,drinks,6.38
JGR-001,JÄGERMEISTER DE 700 ML,JÄGERMEISTER,party_alcohol,1.34
LIC-001,ANIS DE 1 LITRO,LICOR,party_alcohol,2.47
LIC-002,TRES PLUMAS DE 200 ML,LICOR,party_alcohol,1.4
OTR-001,KLEENEX,OTROS,store,1.8
OTR-002,BOLSAS GRANDES,OTROS,store,3.74
RON-001,PAMPEÑO,RON,party_alcohol,5.19
RON-002,HAVANA CLUB 7 AÑOS 750 ML,RON,party_alcohol,7.86
RON-003,HAVANA CLUB RESERVA 1 LITRO,RON,party_alcohol,4.39
RON-004,RON ABUELO SOBAQUERO,RON,party_alcohol,8.68
RON-005,HAVANA CLUB ESPECIAL 1 LITRO,RON,party_alcohol,3.28
RON-006,HAVANA CLUB BLANCO 1 LITRO,RON,party_alcohol,9.9
RON-007,ABUELO PATA DE ELEFANTE DE 1750 ML,RON,party_alcohol,6.23
RON-008,ABUELO 1 LITRO,RON,party_alcohol,3.84
RON-009,FLOR DE CAÑA DE 1 LITRO,RON,party_alcohol,9.58
RON-010,CORTEZ DE 1750 ML,RON,party_alcohol,7.54
RON-011,BACARDI LIMON DE 750 ML,RON,party_alcohol,6.38
SDR-001,DEL VALLE 910 CC,SIDRA,table_alcohol,3.44
SNG-001,CASA REAL DON LUCHO COLECCIÓN DE ORO,SINGANI,party_alcohol,16.94
SNG-002,CASA REAL DON LUCHO SILVER,SINGANI,party_alcohol,11.11
SNG-003,CASA REAL ETIQUETA NEGRA 1 LITRO,SINGANI,party_alcohol,6.6
SNG-004,CASA REAL ETIQUETA NEGRA 750 ML,SINGANI,party_alcohol,19.52
SNG-005,CASA REAL ETIQUETA ROJA 750 ML,SINGANI,party_alcohol,6.43
SNG-006,CASA REAL ETIQUETA AZUL 750 ML,SINGANI,party_alcohol,7.69
SNG-007,CASA REAL ETIQUETA NEGRA DE 375 ML,SINGANI,party_alcohol,12.52
SNG-008,CASA REAL ETIQUETA ROJA DE 375 ML,SINGANI,party_alcohol,8.91
SNG-009,RUJERO DE 750 ML NORMAL,SINGANI,party_alcohol,10.69
SNG-010,RUJERO DE 750 ML SABOR MANGO,SINGANI,party_alcohol,13.95
SNG-011,LOS PARRALES ETIQUETA NEGRA 0.75 LITRO,SINGANI,party_alcohol,19.41
SNG-012,LOS PARRALES ETIQUETA ROJA 0.75 LITRO,SINGANI,party_alcohol,19.11
SNG-013,VIUDA REPOSADA,SINGANI,party_alcohol,7.03
SNG-014,GRANADITA GRANDE,SINGANI,party_alcohol,17.95
SNG-015,GRANADITA PEQUEÑA,SINGANI,party_alcohol,8.35
SNG-016,INSIGNIA,SINGANI,party_alcohol,17.36
SNK-001,PAPAS PRINGLES,SNACKS,store,11.63
SNK-002,PAPAS PON CHIPS,SNACKS,store,19.64
SNK-003,GALLETAS REX,SNACKS,store,19.66
SNK-004,MANI DULCE,SNACKS,store,22.16
SNK-005,ALFAJORES GENIO BLANCO,SNACKS,store,24.61
SNK-006,ALFAJORES GENIO CHOCOLATE,SNACKS,store,11.23
SNK-007,TURRON,SNACKS,store,17.94
SNK-008,CHISITOS,SNACKS,store,20.05
SNK-009,DORITOS PEQUEÑOS,SNACKS,store,7.51
SNK-010,PIQUEO SNACK PEQUEÑO TIRA,SNACKS,store,18.6
SNK-011,PIQUEO SNACK MEDIANO 110GR,SNACKS,store,12.11
SNK-012,PIQUEO SNACK GRANDE 210GR,SNACKS,store,9.07
SNK-013,PAPAS PICANTES PEQUEÑAS TIRA,SNACKS,store,16.44
SNK-014,NACHOS NAX PEQUEÑO TIRA,SNACKS,store,14.78
SNK-015,DORITOS 110 GRMS MEDIANOS,SNACKS,store,16.96
SNK-016,PAPAS GOURMET CHURRASCO 100 GRS.,SNACKS,store,18.2
SOD-001,COCA COLA DE 300 ML,SODA,drinks,23.96
SOD-002,COCA COLA NO RETORNABLE DE 500 ML,SODA,drinks,36.96
SOD-003,COCA COLA NO RETORNABLE 2 LITROS,SODA,drinks,13.69
SOD-004,COCA COLA NO RETORNABLE DE 3 LITROS,SODA,drinks,17.24
SOD-005,COCA COLA NO RETORNABLE DE 3 LITROS - 0 AZUCAR,SODA,drinks,19.4
SOD-006,COCA COLA RETORNABLE DE 1.5 LITROS,SODA,drinks,32.78
SOD-007,COCA COLA RETORNABLE DE 2 LITROS,SODA,drinks,28.87
SOD-008,FANTA NARANJA NO RETORNABLE 2 LITROS,SODA,drinks,14.61
SOD-009,FANTA MANDARINA NO RETORNABLE 2 LITROS,SODA,drinks,31.82
SOD-010,FANTA PAPAYA NO RETORNABLE 2 LITROS,SODA,drinks,32.69
SOD-011,FANTA GUARANA NO RETORNABLE 2 LITROS,SODA,drinks,32.65
SOD-012,FANTA NARANJA NO RETORNABLE 3 LITROS,SODA,drinks,10.51
SOD-013,FANTA NARANJA RETORNABLE 1.5 LITROS,SODA,drinks,14.79
SOD-014,SPRITE NO RETORNABLE 2 LITROS,SODA,drinks,36.65
SOD-015,SPRITE NO RETORNABLE 3 LITROS,SODA,drinks,36.14
SOD-016,SPRITE RETORNABLE 1.5 LITROS,SODA,drinks,14.58
SOD-017,SIMBA PIÑA NO RETORNABLE 2 LITROS,SODA,drinks,25.64
SOD-018,SIMBA DURAZNO NO RETORNABLE 2 LITROS,SODA,drinks,16.41
SOD-019,SIMBA FRUTILLA,SODA,drinks,21.32
SOD-020,GINGER ALE 1 LITRO,SODA,drinks,8.67
SOD-021,GINGER ALE 1.5 LITROS,SODA,drinks,17.02
SOD-022,PEPSI 3 LITROS,SODA,drinks,16.66
SOD-023,PEPSI 1 LITRO,SODA,drinks,37.41
SOD-024,PEPSI LATA,SODA,drinks,26.82
SOD-025,SEVEN UP 3 LITROS,SODA,drinks,13.68
SOD-026,COCA COLA EN LATA,SODA,drinks,21.68
SOD-027,CASCADA 3 LITROS,SODA,drinks,23.77
SOD-028,SODA DE 600 ML RETORNABLE - POPULAR,SODA,drinks,28.4
TJA-001,ENTEL,TARJETAS,store,2.06
TJA-002,VIVA,TARJETAS,store,1.84
TJA-003,TIGO,TARJETAS,store,1.62
TQL-001,JOSE CUERVO DE 750 ML,TEQUILA,party_alcohol,2.72
TQL-002,OLMECA DARK CHOCOLATE DE 750 ML,TEQUILA,party_alcohol,3.93
TQL-003,JARANA REPOSADO HECHO EN MEXICO DE 1 LITRO,TEQUILA,party_alcohol,2.66
TQL-004,JARANA BLANCO DE 1 LITRO,TEQUILA,party_alcohol,3.66
TQL-005,TEQUILA PEQUEÑO,TEQUILA,party_alcohol,1.05
TQL-006,CREMA DE FRESAS,TEQUILA,party_alcohol,1.61
VEP-001,AURORA MOSCATEL,VINO ESPUMANTE,table_alcohol,3.59
VEP-002,ALTOSAMA ROSE DE 750 ML ESPUMANTE,VINO ESPUMANTE,table_alcohol,2.71
VEP-003,CHANDON ROSE DE 750 ML,VINO ESPUMANTE,table_alcohol,2.46
VEP-004,CHANDON EXTRABRUT DE 750 ML,VINO ESPUMANTE,table_alcohol,2.11
VEP-005,CHANDON DELICE DE 750 ML,VINO ESPUMANTE,table_alcohol,1.89
VEP-006,BURBUSH,VINO ESPUMANTE,table_alcohol,3.04
VKD-001,SIXTYSEVEN DE 750 ML,VODKA,party_alcohol,2.46
VKD-002,NEW STYLE FRUTOS ROJOS DE 1 LITRO,VODKA,party_alcohol,2.74
VKD-003,SMIRNOFF TROPICAL FRUITS DE 700 ML,VODKA,party_alcohol,4.11
VKD-004,SKYY DE 750 ML,VODKA,party_alcohol,4.78
VKD-005,SKYY DE 980 ML,VODKA,party_alcohol,4.97
VKD-006,ICE BOTELLIN VODKA,VODKA,party_alcohol,2.94
VNS-001,ROJO,VINOS,table_alcohol,5.52
VNS-002,CAMPOS DE SOLANA TRIVARIETAL,VINOS,table_alcohol,4.27
VNS-003,CAMPOS DE SOLANA ESTUCHE ENCUENTRO TANNAT MALBEC,VINOS,table_alcohol,9.44
VNS-004,CAMPOS DE SOLANA TANNAT MARSELAN BI VARIETAL,VINOS,table_alcohol,4.84
VNS-005,CAMPOS DE SOLANA CABERNET SAUVIGNON BIVARIETAL,VINOS,table_alcohol,5.29
VNS-006,CAMPOS DE SOLANA MALBEC 2022,VINOS,table_alcohol,6.58
VNS-007,CAMPOS DE SOLANA TANNAT 2021,VINOS,table_alcohol,14.91
VNS-008,CAMPOS DE SOLANA MERLOT,VINOS,table_alcohol,5.78
VNS-009,CAMPOS DE SOLANA MARSELAN,VINOS,table_alcohol,5.21
VNS-010,CAMPOS DE SOLANA ENCUENTRO TANNAT MALBEC,VINOS,table_alcohol,14.08
VNS-011,CAMPOS DE SOLANA ROSE 2022,VINOS,table_alcohol,10.84
VNS-012,CAMPOS DE SOLANA OPORTO,VINOS,table_alcohol,12.14
VNS-013,CAMPOS DE SOLANA CLASICO TINTO,VINOS,table_alcohol,7.9
VNS-014,CAMPOS DE SOLANA CLASICO BLANCO,VINOS,table_alcohol,14.27
VNS-015,LA CONCEPCIÓN CÓMPLICE,VINOS,table_alcohol,14.74
VNS-016,LA CONCEPCIÓN CABERNET FRANC,VINOS,table_alcohol,10.14
VNS-017,LA CONCEPCIÓN CABERNET SAUVIGNON - MERLOT - SYRAH,VINOS,table_alcohol,14.86
VNS-018,LA CONCEPCIÓN ESTIRPE VINO TINTO,VINOS,table_alcohol,9.56
VNS-019,LA CONCEPCIÓN ESTIRPE VINO BLANCO,VINOS,table_alcohol,8.84
VNS-020,SANTO PATRONO COPLA MOSCATEL DE ALEJANDRIA Y PINOT BLANC,VINOS,table_alcohol,12.64
VNS-021,TORO BONARDA SYRAH DE 1125 ML,VINOS,table_alcohol,11.09
VNS-022,TORO VIEJO BONARDA SYRAH DE 3000 ML,VINOS,table_alcohol,6.21
VNS-023,TORO CARTON BLANCO,VINOS,table_alcohol,9.66
VNS-024,TORO CARTON TINTO,VINOS,table_alcohol,4.18
VNS-025,ARANJUEZ PIONERO,VINOS,table_alcohol,13.63
VNS-026,ARANJUEZ CABERNET FRANC,VINOS,table_alcohol,9.97
VNS-027,ARANJUEZ ALMA DE TANNAT ROSE,VINOS,table_alcohol,4.51
VNS-028,ARANJUEZ SWEET,VINOS,table_alcohol,14.32
VNS-029,ARANJUEZ TANNAT DE 750 ML,VINOS,table_alcohol,14.99
VNS-030,ARANJUEZ DUO BLANCO,VINOS,table_alcohol,12.11
VNS-031,ARANJUEZ DUO TANNAT MERLOT - ROJO,VINOS,table_alcohol,8.74
VNS-032,ARANJUEZ DUO BONARDA - AZUL,VINOS,table_alcohol,10.51
VNS-033,ARANJUEZ TERRUÑO BLANCO,VINOS,table_alcohol,4.11
VNS-034,ARANJUEZ TERRUÑO TINTO,VINOS,table_alcohol,5.19
VNS-035,ARANJUEZ TERRUÑO OPORTO,VINOS,table_alcohol,7.64
VNS-036,ARANJUEZ GRAN VINO BLANCO,VINOS,table_alcohol,8.52
VNS-037,ARANJUEZ TANNAT ORIGEN,VINOS,table_alcohol,12.32
VNS-038,KOHLBERG BICENTENARIO,VINOS,table_alcohol,5.88
VNS-039,KOHLBERG TANNAT RAÍZ,VINOS,table_alcohol,5.28
VNS-040,KOHLBERG ESTELAR,VINOS,table_alcohol,11.67
VNS-041,KOHLBERG ROSÉ FLAMANT,VINOS,table_alcohol,13.77
VNS-042,KOHLBERG SYRAH,VINOS,table_alcohol,13.68
VNS-043,KOHLBERG CABERNET,VINOS,table_alcohol,12.16
VNS-044,KOHLBERG MALBEC,VINOS,table_alcohol,14.82
VNS-045,KOHLBERG BLEND,VINOS,table_alcohol,9.74
VNS-046,KOHLBERG BLANC,VINOS,table_alcohol,12.52
VNS-047,KOHLBERG CLÁSICO TINTO,VINOS,table_alcohol,8.59
VNS-048,KOHLBERG CLÁSICO BLANCO,VINOS,table_alcohol,7.89
WSK-001,GRANT'S BLENDED SCOTCH,WHISKY,table_alcohol,4.64
WSK-002,GRAND OLD PARR CON VASO,WHISKY,table_alcohol,2.72
WSK-003,GRAND OLD PARR SIN VASO,WHISKY,table_alcohol,3.99
WSK-004,JOHNNIE WALKER BLACK LABEL,WHISKY,table_alcohol,2.99
WSK-005,JOHNNIE WALKER BLACK LABEL + JOHNNIE WALKER GOLD RESERVE,WHISKY,table_alcohol,1.45
WSK-006,JOHNNIE WALKER RED LABEL 75 ML,WHISKY,table_alcohol,1.51
WSK-007,JOHNNIE WALKER RED LABEL 1 LITRO,WHISKY,table_alcohol,3.04
WSK-008,CHIVAS REGAL,WHISKY,table_alcohol,3.83
WSK-009,JACK DANIEL'S TENNESSEE SOUR MASH WHISKEY,WHISKY,table_alcohol,3.97
WSK-010,JACK DANIEL'S ORIGINAL RECIPE,WHISKY,table_alcohol,2.34
