product_id,product_name,category
AGU-001,VITAL 600 ML,AGUA
AGU-002,VITAL 1 LITRO,AGUA
AGU-003,VITAL 2 LITROS,AGUA
AGU-004,VITAL 3 LITROS,AGUA
AGU-005,VITAL 2 LITROS CON GAS,AGUA
AGU-006,AGUA TÓNICA 1 LITRO,AGUA
AGU-007,AGUA EN BOLSA,AGUA
AMR-001,CREMA DE AMARULA BROWN 750 ML,AMARULA
AMR-002,CREMA DE AMARULA RASPBERRY 750 ML,AMARULA
AMR-003,CREMA DE AMARULA VAINILLA DE 750 ML,AMARULA
AMR-004,CREMA DE AMARULA ETHIOPIAN COFFEE DE 750 ML,AMARULA
AMR-005,BAILEYS THE ORIGINAL DE 750 ML,AMARULA
AMR-006,SHERIDAN'S LICOR DE CAFÉ,AMARULA
APT-001,AMERICANO GANCIA,APERITIVO
ATC-001,ALIKAL,ANTIÁCIDOS
BBD-001,FOUR LOKO EN LATA,BEBIDAS
BBD-002,DOCTOR LEMON LATA,BEBIDAS
BBD-003,DOCTOR LEMON BOTELLA,BEBIDAS
BBD-004,CUBA LIBRE EN LATA,BEBIDAS
BOT-001,BOTELLAS VINO,BOTELLAS
CHL-001,SAPITO,CHOCOLATES
CHL-002,BATON,CHOCOLATES
CHL-003,MOMENTO,CHOCOLATES
CHL-004,COFLER BLOCK,CHOCOLATES
CHL-005,GOLPE,CHOCOLATES
CHR-001,CHERRYS,CHERRYS
CMC-001,REY DEL BOLO,COCA MACHUCADA
CRR-001,BOHEM YOGUR AZUL,CIGARROS
CRR-002,LM AZUL,CIGARROS
CRR-003,LM AZUL CHICO,CIGARROS
CRR-004,LM ROJO GRANDE,CIGARROS
CRR-005,LM ROJO CHICO,CIGARROS
CRR-006,LM FORWARD UN CLICK GRANDE,CIGARROS
CRR-007,LM FORWARD UN CLICK CHICO,CIGARROS
CRR-008,LM FORWARD DOS CLICKS GRANDE,CIGARROS
CRR-009,LM FORWARD DOS CLICKS CHICO,CIGARROS
CRR-010,LM FORWARD MIX GRANDE,CIGARROS
CRR-011,LM FORWARD SPLASH GRANDE SANDIA,CIGARROS
CRR-012,LM VERDE,CIGARROS
CRR-013,CAMEL AMARILLO GRANDE,CIGARROS
CRR-014,CAMEL AMARILLO CHICO,CIGARROS
CRR-015,CAMEL ACTIVATE SIMPLE GRANDE,CIGARROS
CRR-016,CAMEL ACTIVATE DOBLE GRANDE,CIGARROS
CRR-017,CAMEL ACTIVATE SIMPLE CHICO,CIGARROS
CRR-018,LD,CIGARROS
CRR-019,DERBY BLANCO,CIGARROS
CRR-020,HILLS,CIGARROS
CRR-021,CIGARROS SUELTOS,CIGARROS
CVZ-001,PACEÑA LATA GRANDE,CERVEZA
CVZ-002,PACEÑA BOTELLA LITRO CAJA,CERVEZA
CVZ-003,PACEÑA PICO DE ORO BOTELLIN,CERVEZA
CVZ-004,HUARI BOTELLIN,CERVEZA
CVZ-005,HUARI MIEL BOTELLIN,CERVEZA
CVZ-006,HUARI CHOCOLATE,CERVEZA
CVZ-007,BALTICA LATA,CERVEZA
CVZ-008,CHICHA TAQUIÑA LATA,CERVEZA
CVZ-009,CORONA EN LATA,CERVEZA
CVZ-010,BUDWEISER 473 ML,CERVEZA
CVZ-011,BUDWEISER 710 ML,CERVEZA
CVZ-012,HEINEKEN 710 ML,CERVEZA
CVZ-013,SCHNEIDER 710 ML,CERVEZA
CVZ-014,CORONA BOTELLIN,CERVEZA
CVZ-015,QUILMES NEGRA,CERVEZA
CVZ-016,QUILMES,CERVEZA
CVZ-017,AMSTEL,CERVEZA
CVZ-018,PACEÑA BOTELLA LITRO,CERVEZA
END-001,ENCENDEDORES,ENCENDEDORES
ENG-001,POWER ROJO 600 ML,ENERGIZANTE
ENG-002,POWER AZUL 600 ML,ENERGIZANTE
ENG-003,POWER ROJO 1 LITRO,ENERGIZANTE
ENG-004,POWER AZUL 1 LITRO,ENERGIZANTE
ENG-005,SANTE,ENERGIZANTE
ENG-006,MONSTER LATA,ENERGIZANTE
ENG-007,ROCK STAR,ENERGIZANTE
ENG-008,MALTIN EN LATA,ENERGIZANTE
ENG-009,RED BULL,ENERGIZANTE
FRT-001,BRANCA MINI,FERNET
FRT-002,BRANCA DE 1 LITRO,FERNET
FRT-003,BRANCA DE 775 ML,FERNET
FRT-004,BRANCA MENTA DE 750 ML,FERNET
FRT-005,1882 DE 750 ML,FERNET
FRT-006,CAPRI DE 750 ML,FERNET
FRT-007,FERNET 1882 EN LATA,FERNET
FRZ-001,BLUE DE 1 LITRO,FREEZEE
GIN-001,LONDON DRY GIN BULLDOG,GIN
GIN-002,LONDON DRY GIN TANQUERAY DE 750 ML,GIN
GIN-003,LONDON DRY GIN BOMBAY SAPPHIRE,GIN
GIN-004,FLAMBOYANT CASA REAL,GIN
GLL-001,CLUB SOCIAL,GALLETAS
GLL-002,OPERA,GALLETAS
GLL-003,OREO,GALLETAS
GLL-004,MERENGADAS,GALLETAS
GLL-005,SURTIDAS,GALLETAS
GLS-001,MASTICABLES,GOLOSINAS
GLS-002,CARAMELOS DULCE DE LECHE,GOLOSINAS
GLS-003,CARAMELOS MENTA CRISTAL,GOLOSINAS
GLS-004,CARAMELOS RELLENOS,GOLOSINAS
GLS-005,CHICLES POOSH MORADO,GOLOSINAS
GLS-006,CHICLES POOSH ROJO,GOLOSINAS
GLS-007,CHICLES POOSH VERDE,GOLOSINAS
GLS-008,CHICLES GROSO,GOLOSINAS
GLS-009,CHICLES CLORETS,GOLOSINAS
GLS-010,CHICLES ADAMS,GOLOSINAS
GLS-011,GOMITAS MOGUL PIECITOS,GOLOSINAS
GLS-012,GOMITAS MOGUL OSITOS,GOLOSINAS
GLS-013,CHICLES BELDENT ROSADO,GOLOSINAS
GLS-014,CHICLES BELDENT VERDE,GOLOSINAS
GLS-015,CHICLES BELDENT AZUL,GOLOSINAS
GLS-016,CHICLES BELDENT NEGRO,GOLOSINAS
GLS-017,MONEDITAS CHOCOLATES,GOLOSINAS
GLS-018,BON BON BUM,GOLOSINAS
GLS-019,BON O BON,GOLOSINAS
GLS-020,MENTITAS,GOLOSINAS
HLD-001,BOLO,HELADOS
HLD-002,VAQUITA LECHE,HELADOS
HLD-003,VAQUITA CHOCOLATE,HELADOS
HLD-004,WAFERITO BANANA,HELADOS
HLD-005,WAFERITO CHOCOLATE,HELADOS
HLD-006,HELADITAS,HELADOS
HLD-007,ROCKY,HELADOS
HLD-008,NEGRITO,HELADOS
HLD-009,SALSERO,HELADOS
HLD-010,GEMELOS,HELADOS
HLD-011,DELIZAURIO,HELADOS
HLD-012,MEGACONO,HELADOS
HLD-013,RICOCO CONO,HELADOS
HLD-014,RICOCO PALETA,HELADOS
HLD-015,ICE FRUIT MANGO,HELADOS
HLD-016,ALFREDO,HELADOS
HLD-017,TENTACIÓN FRAMBUESA,HELADOS
HLD-018,TENTACIÓN MORA,HELADOS
HLD-019,TENTACIÓN CONO,HELADOS
HLD-020,CONO WITH,HELADOS
HLD-021,CASATA,HELADOS
HLD-022,HELADO FAMILIAR,HELADOS
HLD-023,LENGUIX,HELADOS
HLO-001,HIELO GRANDE,HIELO
HLO-002,HIELO CHICO,HIELO
JGO-001,AQUARIUS PERA 300 ML,JUGO
JGO-002,AQUARIUS PERA 2 LITROS,JUGO
JGO-003,AQUARIUS PERA 3 LITROS,JUGO
JGO-004,AQUARIUS POMELO 2 LITROS,JUGO
JGO-005,AQUARIUS POMELO 3 LITROS,JUGO
JGO-006,JUGO DEL VALLE FRESH 3 LITROS,JUGO
JGO-007,LINAZA 2 LITROS,JUGO
JGO-008,KARPIL,JUGO
JGR-001,JÄGERMEISTER DE 700 ML,JÄGERMEISTER
LIC-001,ANIS DE 1 LITRO,LICOR
LIC-002,TRES PLUMAS DE 200 ML,LICOR
OTR-001,KLEENEX,OTROS
OTR-002,BOLSAS GRANDES,OTROS
RON-001,PAMPEÑO,RON
RON-002,HAVANA CLUB 7 AÑOS 750 ML,RON
RON-003,HAVANA CLUB RESERVA 1 LITRO,RON
RON-004,RON ABUELO SOBAQUERO,RON
RON-005,HAVANA CLUB ESPECIAL 1 LITRO,RON
RON-006,HAVANA CLUB BLANCO 1 LITRO,RON
RON-007,ABUELO PATA DE ELEFANTE DE 1750 ML,RON
RON-008,ABUELO 1 LITRO,RON
RON-009,FLOR DE CAÑA DE 1 LITRO,RON
RON-010,CORTEZ DE 1750 ML,RON
RON-011,BACARDI LIMON DE 750 ML,RON
SDR-001,DEL VALLE 910 CC,SIDRA
SNG-001,CASA REAL DON LUCHO COLECCIÓN DE ORO,SINGANI
SNG-002,CASA REAL DON LUCHO SILVER,SINGANI
SNG-003,CASA REAL ETIQUETA NEGRA 1 LITRO,SINGANI
SNG-004,CASA REAL ETIQUETA NEGRA 750 ML,SINGANI
SNG-005,CASA REAL ETIQUETA ROJA 750 ML,SINGANI
SNG-006,CASA REAL ETIQUETA AZUL 750 ML,SINGANI
SNG-007,CASA REAL ETIQUETA NEGRA DE 375 ML,SINGANI
SNG-008,CASA REAL ETIQUETA ROJA DE 375 ML,SINGANI
SNG-009,RUJERO DE 750 ML NORMAL,SINGANI
SNG-010,RUJERO DE 750 ML SABOR MANGO,SINGANI
SNG-011,LOS PARRALES ETIQUETA NEGRA 0.75 LITRO,SINGANI
SNG-012,LOS PARRALES ETIQUETA ROJA 0.75 LITRO,SINGANI
SNG-013,VIUDA REPOSADA,SINGANI
SNG-014,GRANADITA GRANDE,SINGANI
SNG-015,GRANADITA PEQUEÑA,SINGANI
SNG-016,INSIGNIA,SINGANI
SNK-001,PAPAS PRINGLES,SNACKS
SNK-002,PAPAS PON CHIPS,SNACKS
SNK-003,GALLETAS REX,SNACKS
SNK-004,MANI DULCE,SNACKS
SNK-005,ALFAJORES GENIO BLANCO,SNACKS
SNK-006,ALFAJORES GENIO CHOCOLATE,SNACKS
SNK-007,TURRON,SNACKS
SNK-008,CHISITOS,SNACKS
SNK-009,DORITOS PEQUEÑOS,SNACKS
SNK-010,PIQUEO SNACK PEQUEÑO TIRA,SNACKS
SNK-011,PIQUEO SNACK MEDIANO 110GR,SNACKS
SNK-012,PIQUEO SNACK GRANDE 210GR,SNACKS
SNK-013,PAPAS PICANTES PEQUEÑAS TIRA,SNACKS
SNK-014,NACHOS NAX PEQUEÑO TIRA,SNACKS
SNK-015,DORITOS 110 GRMS MEDIANOS,SNACKS
SNK-016,PAPAS GOURMET CHURRASCO 100 GRS.,SNACKS
SOD-001,COCA COLA DE 300 ML,SODA
SOD-002,COCA COLA NO RETORNABLE DE 500 ML,SODA
SOD-003,COCA COLA NO RETORNABLE 2 LITROS,SODA
SOD-004,COCA COLA NO RETORNABLE DE 3 LITROS,SODA
SOD-005,COCA COLA NO RETORNABLE DE 3 LITROS - 0 AZUCAR,SODA
SOD-006,COCA COLA RETORNABLE DE 1.5 LITROS,SODA
SOD-007,COCA COLA RETORNABLE DE 2 LITROS,SODA
SOD-008,FANTA NARANJA NO RETORNABLE 2 LITROS,SODA
SOD-009,FANTA MANDARINA NO RETORNABLE 2 LITROS,SODA
SOD-010,FANTA PAPAYA NO RETORNABLE 2 LITROS,SODA
SOD-011,FANTA GUARANA NO RETORNABLE 2 LITROS,SODA
SOD-012,FANTA NARANJA NO RETORNABLE 3 LITROS,SODA
SOD-013,FANTA NARANJA RETORNABLE 1.5 LITROS,SODA
SOD-014,SPRITE NO RETORNABLE 2 LITROS,SODA
SOD-015,SPRITE NO RETORNABLE 3 LITROS,SODA
SOD-016,SPRITE RETORNABLE 1.5 LITROS,SODA
SOD-017,SIMBA PIÑA NO RETORNABLE 2 LITROS,SODA
SOD-018,SIMBA DURAZNO NO RETORNABLE 2 LITROS,SODA
SOD-019,SIMBA FRUTILLA,SODA
SOD-020,GINGER ALE 1 LITRO,SODA
SOD-021,GINGER ALE 1.5 LITROS,SODA
SOD-022,PEPSI 3 LITROS,SODA
SOD-023,PEPSI 1 LITRO,SODA
SOD-024,PEPSI LATA,SODA
SOD-025,SEVEN UP 3 LITROS,SODA
SOD-026,COCA COLA EN LATA,SODA
SOD-027,CASCADA 3 LITROS,SODA
SOD-028,SODA DE 600 ML RETORNABLE - POPULAR,SODA
TJA-001,ENTEL,TARJETAS
TJA-002,VIVA,TARJETAS
TJA-003,TIGO,TARJETAS
TQL-001,JOSE CUERVO DE 750 ML,TEQUILA
TQL-002,OLMECA DARK CHOCOLATE DE 750 ML,TEQUILA
TQL-003,JARANA REPOSADO HECHO EN MEXICO DE 1 LITRO,TEQUILA
TQL-004,JARANA BLANCO DE 1 LITRO,TEQUILA
TQL-005,TEQUILA PEQUEÑO,TEQUILA
TQL-006,CREMA DE FRESAS,TEQUILA
VEP-001,AURORA MOSCATEL,VINO ESPUMANTE
VEP-002,ALTOSAMA ROSE DE 750 ML ESPUMANTE,VINO ESPUMANTE
VEP-003,CHANDON ROSE DE 750 ML,VINO ESPUMANTE
VEP-004,CHANDON EXTRABRUT DE 750 ML,VINO ESPUMANTE
VEP-005,CHANDON DELICE DE 750 ML,VINO ESPUMANTE
VEP-006,BURBUSH,VINO ESPUMANTE
VKD-001,SIXTYSEVEN DE 750 ML,VODKA
VKD-002,NEW STYLE FRUTOS ROJOS DE 1 LITRO,VODKA
VKD-003,SMIRNOFF TROPICAL FRUITS DE 700 ML,VODKA
VKD-004,SKYY DE 750 ML,VODKA
VKD-005,SKYY DE 980 ML,VODKA
VKD-006,ICE BOTELLIN VODKA,VODKA
VNS-001,ROJO,VINOS
VNS-002,CAMPOS DE SOLANA TRIVARIETAL,VINOS
VNS-003,CAMPOS DE SOLANA ESTUCHE ENCUENTRO TANNAT MALBEC,VINOS
VNS-004,CAMPOS DE SOLANA TANNAT MARSELAN BI VARIETAL,VINOS
VNS-005,CAMPOS DE SOLANA CABERNET SAUVIGNON BIVARIETAL,VINOS
VNS-006,CAMPOS DE SOLANA MALBEC 2022,VINOS
VNS-007,CAMPOS DE SOLANA TANNAT 2021,VINOS
VNS-008,CAMPOS DE SOLANA MERLOT,VINOS
VNS-009,CAMPOS DE SOLANA MARSELAN,VINOS
VNS-010,CAMPOS DE SOLANA ENCUENTRO TANNAT MALBEC,VINOS
VNS-011,CAMPOS DE SOLANA ROSE 2022,VINOS
VNS-012,CAMPOS DE SOLANA OPORTO,VINOS
VNS-013,CAMPOS DE SOLANA CLASICO TINTO,VINOS
VNS-014,CAMPOS DE SOLANA CLASICO BLANCO,VINOS
VNS-015,LA CONCEPCIÓN CÓMPLICE,VINOS
VNS-016,LA CONCEPCIÓN CABERNET FRANC,VINOS
VNS-017,LA CONCEPCIÓN CABERNET SAUVIGNON - MERLOT - SYRAH,VINOS
VNS-018,LA CONCEPCIÓN ESTIRPE VINO TINTO,VINOS
VNS-019,LA CONCEPCIÓN ESTIRPE VINO BLANCO,VINOS
VNS-020,SANTO PATRONO COPLA MOSCATEL DE ALEJANDRIA Y PINOT BLANC,VINOS
VNS-021,TORO BONARDA SYRAH DE 1125 ML,VINOS
VNS-022,TORO VIEJO BONARDA SYRAH DE 3000 ML,VINOS
VNS-023,TORO CARTON BLANCO,VINOS
VNS-024,TORO CARTON TINTO,VINOS
VNS-025,ARANJUEZ PIONERO,VINOS
VNS-026,ARANJUEZ CABERNET FRANC,VINOS
VNS-027,ARANJUEZ ALMA DE TANNAT ROSE,VINOS
VNS-028,ARANJUEZ SWEET,VINOS
VNS-029,ARANJUEZ TANNAT DE 750 ML,VINOS
VNS-030,ARANJUEZ DUO BLANCO,VINOS
VNS-031,ARANJUEZ DUO TANNAT MERLOT - ROJO,VINOS
VNS-032,ARANJUEZ DUO BONARDA - AZUL,VINOS
VNS-033,ARANJUEZ TERRUÑO BLANCO,VINOS
VNS-034,ARANJUEZ TERRUÑO TINTO,VINOS
VNS-035,ARANJUEZ TERRUÑO OPORTO,VINOS
VNS-036,ARANJUEZ GRAN VINO BLANCO,VINOS
VNS-037,ARANJUEZ TANNAT ORIGEN,VINOS
VNS-038,KOHLBERG BICENTENARIO,VINOS
VNS-039,KOHLBERG TANNAT RAÍZ,VINOS
VNS-040,KOHLBERG ESTELAR,VINOS
VNS-041,KOHLBERG ROSÉ FLAMANT,VINOS
VNS-042,KOHLBERG SYRAH,VINOS
VNS-043,KOHLBERG CABERNET,VINOS
VNS-044,KOHLBERG MALBEC,VINOS
VNS-045,KOHLBERG BLEND,VINOS
VNS-046,KOHLBERG BLANC,VINOS
VNS-047,KOHLBERG CLÁSICO TINTO,VINOS
VNS-048,KOHLBERG CLÁSICO BLANCO,VINOS
WSK-001,GRANT'S BLENDED SCOTCH,WHISKY
WSK-002,GRAND OLD PARR CON VASO,WHISKY
WSK-003,GRAND OLD PARR SIN VASO,WHISKY
WSK-004,JOHNNIE WALKER BLACK LABEL,WHISKY
WSK-005,JOHNNIE WALKER BLACK LABEL + JOHNNIE WALKER GOLD RESERVE,WHISKY
WSK-006,JOHNNIE WALKER RED LABEL 75 ML,WHISKY
WSK-007,JOHNNIE WALKER RED LABEL 1 LITRO,WHISKY
WSK-008,CHIVAS REGAL,WHISKY
WSK-009,JACK DANIEL'S TENNESSEE SOUR MASH WHISKEY,WHISKY
WSK-010,JACK DANIEL'S ORIGINAL RECIPE,WHISKY
