ProductoId,NombreProducto,Categoría,Venta_Promedio,MAE,Sesgo,MASE
BOT-001,BOTELLAS VINO,BOTELLAS,1.821,2.059,1.377,1.368
CVZ-011,BUDWEISER 710 ML,CERVEZA,18.132,11.476,7.447,1.267
GLS-013,CHICLES BELDENT ROSADO,GOLOSINAS,12.055,7.421,5.004,1.231
TJA-001,ENTEL,TARJETAS,2.436,2.245,0.685,1.177
GIN-001,LONDON DRY GIN BULLDOG,GIN,1.168,1.374,1.0,1.106
GLS-006,CHICLES POOSH ROJO,GOLOSINAS,16.978,9.106,5.956,1.1
FRT-003,BRANCA DE 775 ML,FERNET,3.864,2.908,1.678,1.071
SOD-016,SPRITE RETORNABLE 1.5 LITROS,SODA,17.234,9.07,5.289,1.038
END-001,ENCENDEDORES,ENCENDEDORES,2.667,1.985,0.593,0.983
SOD-008,FANTA NARANJA NO RETORNABLE 2 LITROS,SODA,17.253,8.315,5.165,0.975
CRR-013,CAMEL AMARILLO GRANDE,CIGARROS,11.853,5.725,2.333,0.974
OTR-001,KLEENEX,OTROS,2.421,1.564,0.399,0.938
GLL-004,MERENGADAS,GALLETAS,6.919,3.641,1.927,0.928
SNG-015,GRANADITA PEQUEÑA,SINGANI,9.938,5.264,2.963,0.925
JGO-007,LINAZA 2 LITROS,JUGO,18.289,7.744,-5.187,0.898
HLD-018,TENTACIÓN MORA,HELADOS,35.132,13.927,-8.147,0.895
HLD-006,HELADITAS,HELADOS,12.821,5.81,2.051,0.894
SNG-007,CASA REAL ETIQUETA NEGRA DE 375 ML,SINGANI,15.612,6.601,-3.37,0.894
SNK-006,ALFAJORES GENIO CHOCOLATE,SNACKS,13.974,5.842,-0.993,0.89
SNG-014,GRANADITA GRANDE,SINGANI,22.905,9.527,-5.879,0.881
GLS-012,GOMITAS MOGUL OSITOS,GOLOSINAS,36.355,13.751,-7.963,0.879
RON-007,ABUELO PATA DE ELEFANTE DE 1750 ML,RON,7.615,3.908,0.495,0.873
CRR-012,LM VERDE,CIGARROS,21.824,8.564,-5.311,0.869
SOD-028,SODA DE 600 ML RETORNABLE - POPULAR,SODA,33.751,13.198,-6.092,0.869
BBD-004,CUBA LIBRE EN LATA,BEBIDAS,11.3,5.037,-2.092,0.868
CRR-021,CIGARROS SUELTOS,CIGARROS,9.875,4.33,-0.337,0.867
HLD-022,HELADO FAMILIAR,HELADOS,12.278,5.179,0.689,0.865
VNS-024,TORO CARTON TINTO,VINOS,5.147,2.813,0.725,0.864
SOD-012,FANTA NARANJA NO RETORNABLE 3 LITROS,SODA,12.663,5.462,-0.055,0.863
CRR-017,CAMEL ACTIVATE SIMPLE CHICO,CIGARROS,19.026,7.762,-3.286,0.861
RON-003,HAVANA CLUB RESERVA 1 LITRO,RON,5.491,2.908,0.286,0.86
SNK-012,PIQUEO SNACK GRANDE 210GR,SNACKS,11.421,4.769,0.901,0.855
GLS-001,MASTICABLES,GOLOSINAS,36.751,13.337,-6.267,0.855
FRT-002,BRANCA DE 1 LITRO,FERNET,12.535,5.78,-3.56,0.855
ENG-002,POWER AZUL 600 ML,ENERGIZANTE,18.784,8.143,-2.641,0.854
GLL-003,OREO,GALLETAS,13.828,5.839,-3.216,0.854
GLS-018,BON BON BUM,GOLOSINAS,31.597,11.985,-6.908,0.854
SDR-001,DEL VALLE 910 CC,SIDRA,4.04,2.462,0.733,0.854
LIC-001,ANIS DE 1 LITRO,LICOR,2.96,1.817,-0.22,0.854
JGO-005,AQUARIUS POMELO 3 LITROS,JUGO,5.989,3.022,0.421,0.854
CRR-020,HILLS,CIGARROS,17.363,7.154,-2.641,0.852
SOD-009,FANTA MANDARINA NO RETORNABLE 2 LITROS,SODA,38.443,14.641,-8.612,0.85
TQL-005,TEQUILA PEQUEÑO,TEQUILA,1.282,1.059,0.385,0.848
GLS-019,BON O BON,GOLOSINAS,21.018,8.117,1.773,0.848
CMC-001,REY DEL BOLO,COCA MACHUCADA,3.165,1.857,-0.223,0.846
SNK-009,DORITOS PEQUEÑOS,SNACKS,9.758,4.062,-0.179,0.846
GIN-002,LONDON DRY GIN TANQUERAY DE 750 ML,GIN,3.575,2.183,-0.505,0.846
AGU-001,VITAL 600 ML,AGUA,15.645,6.403,-1.839,0.844
SNK-010,PIQUEO SNACK PEQUEÑO TIRA,SNACKS,23.392,8.469,-3.846,0.844
GLS-011,GOMITAS MOGUL PIECITOS,GOLOSINAS,23.861,8.875,-2.81,0.843
HLD-011,DELIZAURIO,HELADOS,15.927,6.637,-0.996,0.843
VNS-017,LA CONCEPCIÓN CABERNET SAUVIGNON - MERLOT - SYRAH,VINOS,18.201,7.509,-3.875,0.842
HLD-005,WAFERITO CHOCOLATE,HELADOS,22.685,9.568,-5.355,0.841
GLS-007,CHICLES POOSH VERDE,GOLOSINAS,30.022,11.315,-4.092,0.841
CHL-004,COFLER BLOCK,CHOCOLATES,5.095,2.579,0.154,0.839
CRR-002,LM AZUL,CIGARROS,14.245,5.436,-1.341,0.838
AMR-003,CREMA DE AMARULA VAINILLA DE 750 ML,AMARULA,3.092,1.799,0.172,0.837
ATC-001,ALIKAL,ANTIÁCIDOS,1.846,1.282,0.066,0.837
CRR-010,LM FORWARD MIX GRANDE,CIGARROS,15.832,6.245,-1.095,0.835
CHL-003,MOMENTO,CHOCOLATES,13.487,5.593,-1.601,0.835
SOD-002,COCA COLA NO RETORNABLE DE 500 ML,SODA,43.615,16.487,-9.799,0.833
OTR-002,BOLSAS GRANDES,OTROS,4.744,2.487,-0.993,0.83
ENG-001,POWER ROJO 600 ML,ENERGIZANTE,12.579,5.282,-0.974,0.829
VKD-002,NEW STYLE FRUTOS ROJOS DE 1 LITRO,VODKA,3.48,1.857,-0.289,0.826
VNS-003,CAMPOS DE SOLANA ESTUCHE ENCUENTRO TANNAT MALBEC,VINOS,11.652,5.106,-2.513,0.825
AGU-007,AGUA EN BOLSA,AGUA,40.89,14.344,-8.659,0.824
GLS-016,CHICLES BELDENT NEGRO,GOLOSINAS,30.399,11.103,-4.077,0.824
SNK-005,ALFAJORES GENIO BLANCO,SNACKS,29.663,10.799,-4.711,0.822
VNS-029,ARANJUEZ TANNAT DE 750 ML,VINOS,18.136,7.326,-3.143,0.822
SNK-008,CHISITOS,SNACKS,25.505,9.447,-4.656,0.82
BBD-001,FOUR LOKO EN LATA,BEBIDAS,20.044,7.751,-2.828,0.82
SOD-004,COCA COLA NO RETORNABLE DE 3 LITROS,SODA,20.799,8.179,-1.637,0.818
SNG-006,CASA REAL ETIQUETA AZUL 750 ML,SINGANI,9.176,4.022,-0.212,0.817
CHL-002,BATON,CHOCOLATES,11.059,4.498,-1.099,0.816
SOD-023,PEPSI 1 LITRO,SODA,45.088,16.22,-7.04,0.816
VNS-027,ARANJUEZ ALMA DE TANNAT ROSE,VINOS,4.93,2.733,0.769,0.815
SNG-009,RUJERO DE 750 ML NORMAL,SINGANI,13.209,5.645,-1.029,0.815
SNK-011,PIQUEO SNACK MEDIANO 110GR,SNACKS,15.022,5.725,-2.048,0.815
RON-010,CORTEZ DE 1750 ML,RON,8.744,4.066,-0.549,0.815
RON-008,ABUELO 1 LITRO,RON,4.641,2.352,0.718,0.814
AMR-001,CREMA DE AMARULA BROWN 750 ML,AMARULA,2.509,1.582,-0.015,0.814
CRR-018,LD,CIGARROS,10.088,4.462,1.546,0.814
SOD-018,SIMBA DURAZNO NO RETORNABLE 2 LITROS,SODA,20.641,7.491,-1.828,0.81
GLS-004,CARAMELOS RELLENOS,GOLOSINAS,26.875,9.952,-1.886,0.809
CRR-014,CAMEL AMARILLO CHICO,CIGARROS,17.714,7.11,-1.718,0.808
VNS-005,CAMPOS DE SOLANA CABERNET SAUVIGNON BIVARIETAL,VINOS,6.59,3.059,0.018,0.808
HLD-010,GEMELOS,HELADOS,16.322,6.48,-1.256,0.808
VNS-013,CAMPOS DE SOLANA CLASICO TINTO,VINOS,9.084,4.286,1.832,0.807
FRT-001,BRANCA MINI,FERNET,5.319,2.538,0.136,0.807
JGO-003,AQUARIUS PERA 3 LITROS,JUGO,12.722,5.194,-1.282,0.807
SOD-007,COCA COLA RETORNABLE DE 2 LITROS,SODA,34.799,12.773,-4.172,0.806
ENG-006,MONSTER LATA,ENERGIZANTE,19.476,7.894,-3.982,0.805
WSK-010,JACK DANIEL'S ORIGINAL RECIPE,WHISKY,2.678,1.711,0.634,0.804
CVZ-017,AMSTEL,CERVEZA,68.85,24.714,-8.275,0.802
GIN-003,LONDON DRY GIN BOMBAY SAPPHIRE,GIN,3.088,1.78,0.015,0.801
SOD-005,COCA COLA NO RETORNABLE DE 3 LITROS - 0 AZUCAR,SODA,24.037,8.429,-3.308,0.801
GLL-002,OPERA,GALLETAS,14.004,5.304,-2.828,0.801
GLS-005,CHICLES POOSH MORADO,GOLOSINAS,39.703,14.293,-8.674,0.799
CRR-015,CAMEL ACTIVATE SIMPLE GRANDE,CIGARROS,12.139,4.952,-0.93,0.798
HLD-003,VAQUITA CHOCOLATE,HELADOS,7.084,3.19,0.48,0.798
RON-006,HAVANA CLUB BLANCO 1 LITRO,RON,12.183,5.11,-3.073,0.797
CRR-011,LM FORWARD SPLASH GRANDE SANDIA,CIGARROS,14.044,5.557,-0.465,0.796
GLS-003,CARAMELOS MENTA CRISTAL,GOLOSINAS,30.253,10.857,-3.223,0.796
HLD-009,SALSERO,HELADOS,33.89,11.982,-6.853,0.796
CRR-016,CAMEL ACTIVATE DOBLE GRANDE,CIGARROS,10.755,4.242,-0.007,0.795
SOD-015,SPRITE NO RETORNABLE 3 LITROS,SODA,43.462,15.403,-9.322,0.795
CRR-007,LM FORWARD UN CLICK CHICO,CIGARROS,17.055,6.366,-1.839,0.795
SOD-025,SEVEN UP 3 LITROS,SODA,15.905,6.077,-0.033,0.794
HLD-008,NEGRITO,HELADOS,26.033,9.769,-3.535,0.794
VNS-002,CAMPOS DE SOLANA TRIVARIETAL,VINOS,5.051,2.612,0.201,0.794
WSK-006,JOHNNIE WALKER RED LABEL 75 ML,WHISKY,1.967,1.209,-0.315,0.794
SNK-004,MANI DULCE,SNACKS,27.487,9.938,-2.546,0.793
GLS-020,MENTITAS,GOLOSINAS,31.912,11.278,-4.853,0.793
GLS-009,CHICLES CLORETS,GOLOSINAS,14.15,5.659,0.333,0.792
SOD-001,COCA COLA DE 300 ML,SODA,29.242,10.546,1.63,0.792
SOD-011,FANTA GUARANA NO RETORNABLE 2 LITROS,SODA,38.322,13.267,-4.147,0.791
CHR-001,CHERRYS,CHERRYS,1.989,1.41,0.575,0.791
AMR-005,BAILEYS THE ORIGINAL DE 750 ML,AMARULA,7.132,3.198,-0.949,0.79
VNS-021,TORO BONARDA SYRAH DE 1125 ML,VINOS,13.784,5.531,-2.381,0.79
VNS-033,ARANJUEZ TERRUÑO BLANCO,VINOS,4.941,2.608,0.484,0.789
HLD-013,RICOCO CONO,HELADOS,9.081,3.923,1.037,0.789
SOD-003,COCA COLA NO RETORNABLE 2 LITROS,SODA,16.333,6.403,-0.527,0.789
VEP-004,CHANDON EXTRABRUT DE 750 ML,VINO ESPUMANTE,2.604,1.593,-0.018,0.788
TQL-004,JARANA BLANCO DE 1 LITRO,TEQUILA,4.278,2.264,-0.755,0.787
CHL-005,GOLPE,CHOCOLATES,11.048,4.546,-1.366,0.787
RON-005,HAVANA CLUB ESPECIAL 1 LITRO,RON,4.033,2.121,0.612,0.786
JGO-004,AQUARIUS POMELO 2 LITROS,JUGO,10.352,4.183,-0.63,0.786
FRT-007,FERNET 1882 EN LATA,FERNET,7.275,3.443,-0.147,0.786
CRR-006,LM FORWARD UN CLICK GRANDE,CIGARROS,20.821,7.659,-1.945,0.786
VEP-005,CHANDON DELICE DE 750 ML,VINO ESPUMANTE,2.399,1.516,0.147,0.786
VKD-004,SKYY DE 750 ML,VODKA,5.85,2.806,-0.762,0.784
CRR-019,DERBY BLANCO,CIGARROS,14.205,5.678,-1.839,0.784
GIN-004,FLAMBOYANT CASA REAL,GIN,3.271,1.956,0.117,0.783
SNK-015,DORITOS 110 GRMS MEDIANOS,SNACKS,20.733,7.557,-2.004,0.783
RON-011,BACARDI LIMON DE 750 ML,RON,7.67,3.432,-0.077,0.781
TQL-001,JOSE CUERVO DE 750 ML,TEQUILA,3.15,1.791,-0.026,0.781
JGO-002,AQUARIUS PERA 2 LITROS,JUGO,13.575,5.513,-1.733,0.781
SNG-008,CASA REAL ETIQUETA ROJA DE 375 ML,SINGANI,11.176,4.535,0.41,0.78
ENG-005,SANTE,ENERGIZANTE,13.388,5.414,0.996,0.78
VNS-025,ARANJUEZ PIONERO,VINOS,16.436,6.645,-3.744,0.78
CHL-001,SAPITO,CHOCOLATES,12.41,4.505,-1.993,0.777
GLS-015,CHICLES BELDENT AZUL,GOLOSINAS,39.366,13.33,-6.443,0.776
ENG-003,POWER ROJO 1 LITRO,ENERGIZANTE,11.44,4.788,0.531,0.776
GLL-001,CLUB SOCIAL,GALLETAS,10.212,4.22,-0.725,0.775
GLS-002,CARAMELOS DULCE DE LECHE,GOLOSINAS,30.311,10.773,-2.941,0.775
VKD-005,SKYY DE 980 ML,VODKA,6.084,2.813,-0.974,0.775
VKD-003,SMIRNOFF TROPICAL FRUITS DE 700 ML,VODKA,4.927,2.414,-0.363,0.775
CRR-005,LM ROJO CHICO,CIGARROS,22.029,7.883,-3.048,0.773
HLD-002,VAQUITA LECHE,HELADOS,14.348,5.491,-2.084,0.773
JGO-001,AQUARIUS PERA 300 ML,JUGO,9.388,3.949,0.176,0.772
SNG-012,LOS PARRALES ETIQUETA ROJA 0.75 LITRO,SINGANI,23.088,8.711,-2.938,0.772
AGU-006,AGUA TÓNICA 1 LITRO,AGUA,34.919,12.575,-2.919,0.772
SNG-001,CASA REAL DON LUCHO COLECCIÓN DE ORO,SINGANI,20.242,7.982,-4.326,0.771
ENG-007,ROCK STAR,ENERGIZANTE,22.978,8.513,-3.179,0.771
VNS-020,SANTO PATRONO COPLA MOSCATEL DE ALEJANDRIA Y PINOT BLANC,VINOS,15.297,6.103,-2.762,0.77
VKD-006,ICE BOTELLIN VODKA,VODKA,3.571,1.96,0.385,0.77
SNK-001,PAPAS PRINGLES,SNACKS,13.674,5.707,0.007,0.769
SNK-016,PAPAS GOURMET CHURRASCO 100 GRS.,SNACKS,22.901,7.846,-3.568,0.769
GLS-017,MONEDITAS CHOCOLATES,GOLOSINAS,19.864,7.04,-0.183,0.769
LIC-002,TRES PLUMAS DE 200 ML,LICOR,1.692,1.165,0.132,0.769
TJA-002,VIVA,TARJETAS,2.513,1.399,-0.381,0.768
GLL-005,SURTIDAS,GALLETAS,14.333,5.403,-1.747,0.768
VNS-035,ARANJUEZ TERRUÑO OPORTO,VINOS,9.421,3.974,-1.103,0.767
SNK-014,NACHOS NAX PEQUEÑO TIRA,SNACKS,18.462,6.535,-1.648,0.767
GLS-010,CHICLES ADAMS,GOLOSINAS,29.648,10.381,-3.531,0.765
HLD-016,ALFREDO,HELADOS,20.388,7.421,-0.513,0.765
SOD-006,COCA COLA RETORNABLE DE 1.5 LITROS,SODA,38.106,14.414,-4.451,0.763
WSK-002,GRAND OLD PARR CON VASO,WHISKY,3.125,1.755,0.018,0.763
SNG-016,INSIGNIA,SINGANI,20.777,7.7,-2.484,0.763
CVZ-006,HUARI CHOCOLATE,CERVEZA,45.557,16.322,-5.106,0.763
SOD-020,GINGER ALE 1 LITRO,SODA,10.33,4.44,0.476,0.762
CVZ-003,PACEÑA PICO DE ORO BOTELLIN,CERVEZA,52.333,18.253,-5.93,0.761
JGO-006,JUGO DEL VALLE FRESH 3 LITROS,JUGO,9.813,3.982,0.897,0.759
CRR-008,LM FORWARD DOS CLICKS GRANDE,CIGARROS,12.78,4.733,-0.652,0.758
VNS-039,KOHLBERG TANNAT RAÍZ,VINOS,6.22,2.963,0.319,0.756
TQL-002,OLMECA DARK CHOCOLATE DE 750 ML,TEQUILA,4.762,2.385,-0.788,0.755
FRZ-001,BLUE DE 1 LITRO,FREEZEE,5.436,2.634,0.114,0.754
GLS-014,CHICLES BELDENT VERDE,GOLOSINAS,30.048,10.458,-3.161,0.754
CVZ-001,PACEÑA LATA GRANDE,CERVEZA,59.059,19.81,-8.645,0.753
SOD-010,FANTA PAPAYA NO RETORNABLE 2 LITROS,SODA,38.89,13.762,-4.853,0.751
RON-009,FLOR DE CAÑA DE 1 LITRO,RON,12.187,4.758,-2.641,0.751
VKD-001,SIXTYSEVEN DE 750 ML,VODKA,3.048,1.623,-0.048,0.75
VNS-048,KOHLBERG CLÁSICO BLANCO,VINOS,9.377,3.989,-0.707,0.749
WSK-005,JOHNNIE WALKER BLACK LABEL + JOHNNIE WALKER GOLD RESERVE,WHISKY,1.696,1.117,-0.062,0.749
SNG-003,CASA REAL ETIQUETA NEGRA 1 LITRO,SINGANI,7.78,3.685,0.645,0.749
HLD-004,WAFERITO BANANA,HELADOS,8.198,3.476,0.289,0.748
APT-001,AMERICANO GANCIA,APERITIVO,4.777,2.399,-0.033,0.747
SOD-014,SPRITE NO RETORNABLE 2 LITROS,SODA,42.293,14.692,-3.828,0.747
SNK-007,TURRON,SNACKS,21.619,7.601,-2.048,0.747
GLS-008,CHICLES GROSO,GOLOSINAS,36.817,11.799,-5.952,0.746
CVZ-012,HEINEKEN 710 ML,CERVEZA,59.136,21.502,-9.15,0.746
HLD-017,TENTACIÓN FRAMBUESA,HELADOS,22.656,8.106,-1.505,0.746
SNK-002,PAPAS PON CHIPS,SNACKS,23.165,8.355,-2.216,0.746
CVZ-005,HUARI MIEL BOTELLIN,CERVEZA,41.132,14.875,-4.604,0.746
CRR-009,LM FORWARD DOS CLICKS CHICO,CIGARROS,23.495,8.311,-3.938,0.745
AGU-004,VITAL 3 LITROS,AGUA,20.289,7.67,-0.527,0.744
CVZ-010,BUDWEISER 473 ML,CERVEZA,41.223,14.425,-3.81,0.744
CRR-001,BOHEM YOGUR AZUL,CIGARROS,16.989,6.209,-1.908,0.744
SNG-010,RUJERO DE 750 ML SABOR MANGO,SINGANI,17.516,6.377,-2.165,0.743
SOD-013,FANTA NARANJA RETORNABLE 1.5 LITROS,SODA,17.432,6.377,-0.48,0.743
SNK-013,PAPAS PICANTES PEQUEÑAS TIRA,SNACKS,20.084,7.392,-2.872,0.743
SOD-026,COCA COLA EN LATA,SODA,25.978,9.278,-2.707,0.743
CVZ-009,CORONA EN LATA,CERVEZA,48.733,17.802,-4.952,0.742
AMR-004,CREMA DE AMARULA ETHIOPIAN COFFEE DE 750 ML,AMARULA,7.132,3.073,-1.015,0.742
WSK-009,JACK DANIEL'S TENNESSEE SOUR MASH WHISKEY,WHISKY,4.978,2.374,-1.282,0.742
VNS-009,CAMPOS DE SOLANA MARSELAN,VINOS,6.44,2.879,0.073,0.742
RON-002,HAVANA CLUB 7 AÑOS 750 ML,RON,9.733,4.121,-1.593,0.74
HLD-014,RICOCO PALETA,HELADOS,25.916,9.535,-2.897,0.739
SNG-011,LOS PARRALES ETIQUETA NEGRA 0.75 LITRO,SINGANI,23.282,8.586,-3.209,0.739
JGR-001,JÄGERMEISTER DE 700 ML,JÄGERMEISTER,1.575,1.073,0.209,0.738
FRT-005,1882 DE 750 ML,FERNET,6.139,2.857,0.198,0.737
AMR-006,SHERIDAN'S LICOR DE CAFÉ,AMARULA,4.835,2.366,-0.073,0.737
CVZ-007,BALTICA LATA,CERVEZA,42.824,15.249,-2.744,0.736
FRT-004,BRANCA MENTA DE 750 ML,FERNET,5.971,2.791,0.198,0.736
SOD-019,SIMBA FRUTILLA,SODA,25.249,9.062,-2.718,0.736
VNS-044,KOHLBERG MALBEC,VINOS,17.15,6.44,-4.066,0.735
SNG-013,VIUDA REPOSADA,SINGANI,8.158,3.612,0.549,0.735
AMR-002,CREMA DE AMARULA RASPBERRY 750 ML,AMARULA,4.747,2.451,-0.363,0.734
CRR-003,LM AZUL CHICO,CIGARROS,11.601,4.308,-0.886,0.733
WSK-007,JOHNNIE WALKER RED LABEL 1 LITRO,WHISKY,3.663,1.956,-0.183,0.733
HLD-021,CASATA,HELADOS,31.267,11.044,-3.769,0.733
TQL-006,CREMA DE FRESAS,TEQUILA,1.883,1.216,0.059,0.732
CVZ-013,SCHNEIDER 710 ML,CERVEZA,47.443,16.432,-6.527,0.731
VNS-011,CAMPOS DE SOLANA ROSE 2022,VINOS,13.253,5.033,-1.531,0.731
SOD-024,PEPSI LATA,SODA,31.861,11.355,-3.128,0.731
VNS-019,LA CONCEPCIÓN ESTIRPE VINO BLANCO,VINOS,10.674,4.278,-0.117,0.73
HLD-019,TENTACIÓN CONO,HELADOS,27.136,9.451,-0.923,0.73
VNS-032,ARANJUEZ DUO BONARDA - AZUL,VINOS,12.579,5.154,-2.004,0.73
AGU-002,VITAL 1 LITRO,AGUA,30.443,10.344,-3.245,0.73
WSK-008,CHIVAS REGAL,WHISKY,4.454,2.183,-0.557,0.73
SNG-005,CASA REAL ETIQUETA ROJA 750 ML,SINGANI,7.286,3.33,0.78,0.727
VNS-023,TORO CARTON BLANCO,VINOS,11.48,4.7,-1.388,0.725
CVZ-008,CHICHA TAQUIÑA LATA,CERVEZA,55.333,18.861,-7.527,0.724
VNS-012,CAMPOS DE SOLANA OPORTO,VINOS,13.894,5.597,-2.359,0.723
TJA-003,TIGO,TARJETAS,1.868,1.172,0.154,0.723
RON-001,PAMPEÑO,RON,6.19,2.784,0.037,0.723
HLD-020,CONO WITH,HELADOS,28.106,9.791,-2.509,0.722
VNS-022,TORO VIEJO BONARDA SYRAH DE 3000 ML,VINOS,7.535,3.125,0.458,0.722
HLO-002,HIELO CHICO,HIELO,26.872,9.56,-3.553,0.722
SOD-021,GINGER ALE 1.5 LITROS,SODA,19.758,7.106,-1.377,0.721
JGO-008,KARPIL,JUGO,7.282,3.158,-0.19,0.721
SNK-003,GALLETAS REX,SNACKS,24.326,8.315,-2.879,0.72
CVZ-016,QUILMES,CERVEZA,22.187,8.125,-0.161,0.716
VNS-018,LA CONCEPCIÓN ESTIRPE VINO TINTO,VINOS,10.824,4.656,-0.37,0.716
WSK-004,JOHNNIE WALKER BLACK LABEL,WHISKY,3.667,1.842,0.106,0.716
VNS-014,CAMPOS DE SOLANA CLASICO BLANCO,VINOS,17.172,6.216,-2.458,0.715
VNS-008,CAMPOS DE SOLANA MERLOT,VINOS,6.791,2.967,-0.015,0.714
FRT-006,CAPRI DE 750 ML,FERNET,8.923,3.703,-1.066,0.713
CVZ-015,QUILMES NEGRA,CERVEZA,46.366,15.147,-5.755,0.713
CVZ-018,PACEÑA BOTELLA LITRO,CERVEZA,70.755,22.795,-9.982,0.712
ENG-008,MALTIN EN LATA,ENERGIZANTE,22.114,7.978,-2.762,0.712
VEP-003,CHANDON ROSE DE 750 ML,VINO ESPUMANTE,2.993,1.619,-0.198,0.712
VNS-047,KOHLBERG CLÁSICO TINTO,VINOS,10.755,3.967,-1.711,0.71
HLD-023,LENGUIX,HELADOS,24.223,8.604,-1.996,0.709
CVZ-014,CORONA BOTELLIN,CERVEZA,34.648,12.19,-1.143,0.708
VNS-045,KOHLBERG BLEND,VINOS,11.165,4.905,1.52,0.708
RON-004,RON ABUELO SOBAQUERO,RON,10.344,3.974,-1.418,0.707
CRR-004,LM ROJO GRANDE,CIGARROS,9.491,3.689,-0.114,0.706
HLD-001,BOLO,HELADOS,9.538,4.015,0.645,0.706
VNS-030,ARANJUEZ DUO BLANCO,VINOS,14.055,5.612,-1.297,0.705
VNS-034,ARANJUEZ TERRUÑO TINTO,VINOS,6.223,2.762,-0.198,0.705
CVZ-002,PACEÑA BOTELLA LITRO CAJA,CERVEZA,48.414,16.3,-4.557,0.705
SOD-027,CASCADA 3 LITROS,SODA,27.773,10.209,-3.183,0.704
VEP-006,BURBUSH,VINO ESPUMANTE,3.637,1.945,-0.487,0.703
AGU-003,VITAL 2 LITROS,AGUA,24.15,8.44,-1.443,0.703
VNS-037,ARANJUEZ TANNAT ORIGEN,VINOS,14.601,5.747,-2.062,0.703
BBD-003,DOCTOR LEMON BOTELLA,BEBIDAS,11.601,4.495,-0.582,0.7
VNS-041,KOHLBERG ROSÉ FLAMANT,VINOS,16.216,6.125,-2.168,0.699
VEP-002,ALTOSAMA ROSE DE 750 ML ESPUMANTE,VINO ESPUMANTE,3.293,1.619,-0.396,0.696
VNS-010,CAMPOS DE SOLANA ENCUENTRO TANNAT MALBEC,VINOS,16.253,6.183,-2.081,0.696
VNS-007,CAMPOS DE SOLANA TANNAT 2021,VINOS,17.253,6.403,-2.659,0.695
BBD-002,DOCTOR LEMON LATA,BEBIDAS,14.033,5.033,-1.399,0.694
ENG-009,RED BULL,ENERGIZANTE,16.839,5.967,-1.557,0.693
HLD-007,ROCKY,HELADOS,20.989,7.04,-1.187,0.693
VNS-043,KOHLBERG CABERNET,VINOS,14.875,5.352,-1.681,0.693
VNS-015,LA CONCEPCIÓN CÓMPLICE,VINOS,16.989,6.582,-2.333,0.692
VNS-036,ARANJUEZ GRAN VINO BLANCO,VINOS,10.363,4.033,-1.337,0.69
TQL-003,JARANA REPOSADO HECHO EN MEXICO DE 1 LITRO,TEQUILA,3.168,1.648,0.168,0.69
SOD-017,SIMBA PIÑA NO RETORNABLE 2 LITROS,SODA,28.791,10.088,-1.751,0.689
VNS-031,ARANJUEZ DUO TANNAT MERLOT - ROJO,VINOS,9.901,4.11,0.396,0.688
SNG-004,CASA REAL ETIQUETA NEGRA 750 ML,SINGANI,23.198,8.692,-2.897,0.688
HLD-015,ICE FRUIT MANGO,HELADOS,29.201,10.125,-3.092,0.684
VNS-046,KOHLBERG BLANC,VINOS,15.059,5.352,-2.048,0.681
VNS-026,ARANJUEZ CABERNET FRANC,VINOS,11.897,4.59,0.172,0.681
HLD-012,MEGACONO,HELADOS,15.366,5.531,-0.396,0.679
VNS-038,KOHLBERG BICENTENARIO,VINOS,6.875,2.952,-0.3,0.679
SOD-022,PEPSI 3 LITROS,SODA,19.278,6.74,-1.018,0.677
SNG-002,CASA REAL DON LUCHO SILVER,SINGANI,13.366,4.982,0.718,0.676
WSK-001,GRANT'S BLENDED SCOTCH,WHISKY,5.491,2.407,-0.48,0.674
VNS-042,KOHLBERG SYRAH,VINOS,15.93,5.919,-1.941,0.674
ENG-004,POWER AZUL 1 LITRO,ENERGIZANTE,15.612,5.509,-1.348,0.673
HLO-001,HIELO GRANDE,HIELO,24.007,8.275,-0.912,0.672
VEP-001,AURORA MOSCATEL,VINO ESPUMANTE,3.872,1.96,-0.275,0.669
VNS-040,KOHLBERG ESTELAR,VINOS,13.78,5.253,-1.004,0.669
WSK-003,GRAND OLD PARR SIN VASO,WHISKY,4.487,2.234,-0.674,0.668
VNS-006,CAMPOS DE SOLANA MALBEC 2022,VINOS,7.626,3.114,-0.908,0.668
AGU-005,VITAL 2 LITROS CON GAS,AGUA,19.487,6.857,-0.168,0.665
VNS-001,ROJO,VINOS,6.989,2.777,-1.282,0.664
VNS-004,CAMPOS DE SOLANA TANNAT MARSELAN BI VARIETAL,VINOS,5.385,2.524,0.766,0.659
VNS-028,ARANJUEZ SWEET,VINOS,16.689,6.011,-1.996,0.647
VNS-016,LA CONCEPCIÓN CABERNET FRANC,VINOS,11.608,4.194,-0.026,0.632
CVZ-004,HUARI BOTELLIN,CERVEZA,35.674,11.062,0.557,0.564
