ProductoId,NombreProducto,Volumen_Total_Vendido,Venta_Promedio_Diaria,MAE_Linea_Base,MASE_Escalado
AGU-001,VITAL 600 ML,51499,37.81,11.96,0.9036
AGU-002,VITAL 1 LITRO,28140,20.66,7.35,0.9576
AGU-003,VITAL 2 LITROS,39733,29.17,9.88,0.9514
AGU-004,VITAL 3 LITROS,30289,22.24,7.51,0.9013
AGU-005,VITAL 2 LITROS CON GAS,27335,20.07,7.25,0.9369
AGU-006,AGUA TÓNICA 1 LITRO,54908,40.31,12.19,0.8925
AGU-007,AGUA EN BOLSA,39700,29.15,9.38,0.9289
AMR-001,CREAMA DE AMARULA BROWN 750 ML,8698,6.39,4.65,0.9942
AMR-002,CREMA DE AMARULA RASPBERRY 750 ML,4305,3.16,2.69,0.9878
AMR-003,CREMA DE AMARULA VAINILLA DE 750 ML,7260,5.33,3.94,1.0098
AMR-004,CREMA DE AMARULA ETHIOPIAN COFFEE DE 750 ML,5679,4.17,3.28,1.002
AMR-005,BAYLYS THE ORIGINAL DE 750 ML,3903,2.87,2.37,0.9939
AMR-006,SHERUDAN`S LICOR DE CAFÉ,6147,4.51,3.6,0.9917
APT-001,AMERICANO GANCIA,4682,3.44,2.87,0.9618
ATC-001,ALIKAL,1247,0.92,1.09,0.984
BBD-001,FOUR LOKO EN LATA,16619,12.2,4.88,0.9799
BBD-002,DOCTOR LEMON LATA,24097,17.69,6.52,0.9476
BBD-003,DOCTOR LEMON BOTELLA,12854,9.44,4.22,0.968
BBD-004,CUBA LIBRE EN LATA,18818,13.82,5.32,0.9597
BOT-001,BOTELLAS VINO,1961,1.44,1.52,1.0237
CHL-001,SAPITO,7021,5.15,2.84,0.9687
CHL-002,BATON,14379,10.56,4.64,0.9763
CHL-003,MOMENTO,6192,4.55,2.55,0.9869
CHL-004,COFLER BLOCK,17241,12.66,4.88,0.9531
CHL-005,GOLPE,13804,10.14,4.46,0.968
CHR-001,CHERRYS,2633,1.93,1.83,0.9811
CMC-001,REY DEL BOLO,4628,3.4,2.75,0.9447
CRR-001,BOHEM YOGUR AZUL,6439,4.73,2.67,0.9532
CRR-002,LM AZUL,12316,9.04,4.16,0.937
CRR-003,LM AZUL CHICO,23793,17.47,6.25,0.9007
CRR-004,LM ROJO GRANDE,19238,14.12,5.64,0.9734
CRR-005,LM ROJO CHICO,10324,7.58,3.44,0.9278
CRR-006,LM FORWARD UN CLICK GRANDE,13502,9.91,4.32,0.9382
CRR-007,LM FORWARD UN CLICK CHICO,20314,14.91,5.7,0.9403
CRR-008,LM FORWARD DOS CLICKS GRANDE,8918,6.55,3.34,0.9644
CRR-009,LM FORWARD DOS CLICKS CHICO,10372,7.62,3.66,0.9844
CRR-010,LM FORWARD MIX GRANDE,18573,13.64,5.23,0.9297
CRR-011,LM FORWARD SPLASH GRANDE SANDIA,14850,10.9,4.49,0.9498
CRR-012,LM VERDE,11257,8.27,3.78,0.9847
CRR-013,CAMEL AMARILLO GRANDE,16896,12.41,5.02,0.9716
CRR-014,CAMEL AMARILLO CHICO,17012,12.49,5.29,0.9908
CRR-015,CAMEL ACTIVATE SIMPLE GRANDE,19783,14.52,5.47,0.9159
CRR-016,CAMEL ACTIVATE DOBLE GRANDE,23410,17.19,6.43,0.9436
CRR-017,CAMEL ACTIVATE SIMPLE CHICO,9369,6.88,3.43,0.9631
CRR-018,LD,10488,7.7,3.67,0.9831
CRR-019,DERBY BLANCO,20866,15.32,5.94,0.9903
CRR-020,HILLS,15833,11.62,4.72,0.9326
CRR-021,CIGARROS SUELTOS,17089,12.55,5.06,0.9465
CVZ-001,PACEÑA LATA GRANDE,51000,37.44,12.26,0.9175
CVZ-002,PACEÑA BOTELLA LITRO CAJA,38420,28.21,9.82,0.9143
CVZ-003,PACEÑA PICO DE ORO BOTELLIN,56915,41.79,13.74,0.9188
CVZ-004,HUARI BOTELLIN,76658,56.28,17.56,0.9175
CVZ-005,HUARI MIEL BOTELLIN,56999,41.85,13.88,0.9382
CVZ-006,HUARI CHOCOLATE,65551,48.13,15.22,0.9191
CVZ-007,BALTICA LATA,49825,36.58,11.83,0.9314
CVZ-008,CHICHA TAQUIÑA LATA,53769,39.48,12.99,0.9269
CVZ-009,CORONA EN LATA,86541,63.54,19.73,0.9136
CVZ-010,BUDWISER 473ML,71967,52.84,16.67,0.9082
CVZ-011,BUDWISER 710 ML,35998,26.43,9.36,0.9355
CVZ-012,HEINEKEN 710 ML,63756,46.81,14.89,0.9395
CVZ-013,SCHNEIDER 710,57895,42.51,13.74,0.9224
CVZ-014,CORONA BOTELLIN,31929,23.44,8.39,0.9312
CVZ-015,QUILMES NEGRA,45342,33.29,11.3,0.9461
CVZ-016,QUILMES,61288,45.0,13.97,0.9242
CVZ-017,AMSTEL,44436,32.63,10.87,0.9171
CVZ-018,PACEÑA BOTELLA LITRO,31074,22.81,8.49,0.9577
END-001,ENCEDEDORES,4872,3.58,2.21,0.9911
ENG-001,POWER ROJO 600 ML,13935,10.23,4.18,0.9023
ENG-002,POWER AZUL 600 ML,14472,10.63,4.65,0.9685
ENG-003,POWER ROJO 1 LITRO,22551,16.56,6.15,0.9686
ENG-004,POWER AZUL 1 LITRO,18766,13.78,5.37,0.9572
ENG-005,SANTE,21671,15.91,6.18,0.9442
ENG-006,MONSTER LATA,15692,11.52,4.8,0.9606
ENG-007,ROCK STAR,13703,10.06,4.31,0.9442
ENG-008,MALTIN EN LATA,20764,15.25,5.68,0.9237
ENG-009,RED BULL,19699,14.46,5.59,0.9439
FRT-001,BRANCA MINI,7268,5.34,2.9,0.9646
FRT-002,BRANCA DE 1 LITRO,14803,10.87,4.56,0.9349
FRT-003,BRANCA DE DE 775 ML,7810,5.73,3.05,0.9879
FRT-004,BRANCA MENTA DE 750 ML,4149,3.05,2.06,0.9614
FRT-005,1882 DE 750 ML,3278,2.41,1.85,0.991
FRT-006,CAPRI DE 750 ML,9540,7.0,3.66,0.9885
FRT-007,FERNET EN LATA 18 82,9027,6.63,3.36,0.9712
FRZ-001,BLUE DE 1 LITRO,8945,6.57,3.19,0.9688
GIN-001,LONDON DRY GIN BULLDOG,2983,2.19,2.02,0.9738
GIN-002,LONDON DRY GIN TANQUERAY DE 750 ML,2889,2.12,2.07,1.0217
GIN-003,LONDO DRY GIN BOMBAY SAPPHIRE,3284,2.41,2.13,0.9962
GIN-004,FLAMBOYANT CASA REAL,2082,1.53,1.55,1.0188
GLL-001,CLUB SOCIAL,14603,10.72,4.56,0.9893
GLL-002,OPERA,10884,7.99,3.83,0.9728
GLL-003,OREO,11848,8.7,4.07,1.0062
GLL-004,MERENGADAS,7611,5.59,2.98,0.9676
GLL-005,SURTIDAS,8646,6.35,3.21,0.966
GLS-001,MASTICABLES,34179,25.09,8.82,0.9483
GLS-002,CARAMELOS DULCE DE LECHE,40727,29.9,9.7,0.9254
GLS-003,CARAMELOS MENTA CRISTAL,33048,24.26,8.41,0.9574
GLS-004,CARAMELOS RELLENOS,34545,25.36,8.62,0.9208
GLS-005,CHICLES POOSH MORADO,18765,13.78,5.29,0.945
GLS-006,CHICLES POOSH ROJO,12763,9.37,4.14,0.9732
GLS-007,CHICLES POOSH VERDE,29457,21.63,7.26,0.9274
GLS-008,CHICLES GROSO,45279,33.24,10.74,0.9327
GLS-009,CHICLES CLORETS,29936,21.98,7.53,0.9225
GLS-010,CHICLES ADAMS,66909,49.13,14.73,0.9191
GLS-011,GOMITAS MOGUL PIECITOS,37413,27.47,9.36,0.9061
GLS-012,GOMITAS MOGUL OSITOS,31502,23.13,7.87,0.9362
GLS-013,CHICLES BELDENT ROSADO,24946,18.32,6.68,0.9285
GLS-014,CHICLES BEDENT VERDE,20572,15.1,5.95,0.9459
GLS-015,CHICLES BELDENT AZUL,15440,11.34,4.9,0.9763
GLS-016,CHICLES BELDENT NEGRO,33434,24.55,8.36,0.9228
GLS-017,MONEDITAS CHOCOLATES,21069,15.47,6.1,0.9742
GLS-018,BOM BOM BUM,32925,24.17,8.29,0.9298
GLS-019,BON O BON,33034,24.25,8.31,0.944
GLS-020,MENTITAS,32795,24.08,8.11,0.9263
HLD-001,BOLO,21516,15.8,5.91,0.9467
HLD-002,VAQUITA LECHE,37738,27.71,9.27,0.9357
HLD-003,VAQUITA CHOCOLATE,33791,24.81,8.57,0.9363
HLD-004,WAFERITO BANANA,25037,18.38,6.69,0.9602
HLD-005,WAFERITO CHOCOLATE,30058,22.07,7.44,0.9249
HLD-006,HELADITAS,21998,16.15,5.97,0.9372
HLD-007,ROCKY,28607,21.0,7.35,0.9442
HLD-008,NEGRITO,31938,23.45,8.03,0.9405
HLD-009,SALSERO,28882,21.21,7.59,0.9556
HLD-010,GEMELOS,25667,18.85,6.7,0.9216
HLD-011,DELIZAURIO,22796,16.74,6.34,0.9599
HLD-012,MEGACONO,54570,40.07,12.37,0.9334
HLD-013,RICOCO CONO,25685,18.86,6.94,0.9576
HLD-014,RICOCO PALETA,37172,27.29,8.86,0.9436
HLD-015,ICE FRUIT MANGO,21631,15.88,6.13,0.9573
HLD-016,ALFREDO,25280,18.56,6.71,0.9316
HLD-017,TENTACION FRAMBUESA,23354,17.15,6.4,0.936
HLD-018,TENTACION MORA,10285,7.55,3.55,0.9672
HLD-019,TENTACIÓN CONO,30942,22.72,8.07,0.9498
HLD-020,CONO WITH,41053,30.14,9.96,0.9284
HLD-021,CASATA,16114,11.83,5.01,0.9656
HLD-022,HELADO FAMILIAR,22755,16.71,6.38,0.9359
HLD-023,LENGUIX,34174,25.09,8.41,0.9304
HLO-001,HIELO GRANDE,19358,14.21,5.49,0.9612
HLO-002,HIELO CHICO,20136,14.78,5.7,0.9693
JGO-001,AQUARIUS PERA 300 L,17371,12.75,5.11,0.9292
JGO-002,AQUARIUS PERA 2 LITROS,11322,8.31,3.71,0.9542
JGO-003,AQUARIUS PERA 3 LITROS,16743,12.29,5.15,0.947
JGO-004,AQUARIUS POMELO 2 LITROS,14596,10.72,4.64,0.9954
JGO-005,AQUARIUS POMELO 3 LITROS,6640,4.88,2.73,0.9563
JGO-006,JUGO DEL VALLE FRESH 3 LITROS,16192,11.89,4.89,0.956
JGO-007,LINAZA 2 LITROS,12946,9.51,4.12,0.9765
JGO-008,KARPIL,10995,8.07,3.86,0.9854
JGR-001,JAGGER DE 700 ML,3885,2.85,2.46,0.9654
LIC-001,ANIS DE 1 LITRO,4843,3.56,2.85,0.9903
LIC-002,TRES PLUMAS DE 200 ML,3947,2.9,2.46,0.9867
OTR-001,CLEENEX,3620,2.66,2.33,1.016
OTR-002,BOLSAS GRANDES,3274,2.4,2.17,0.9791
RON-001,PAMPEÑO,9435,6.93,3.53,1.0122
RON-002,HAVANA CLUB 7 AÑOS 750 ML,12992,9.54,4.23,0.9399
RON-003,HAVANA CLUB RESERVA 1 LITRO,8111,5.96,3.15,0.9621
RON-004,RON ABUELO SOBAQUERO,10182,7.48,3.79,0.9825
RON-005,HAVANA CLUB ESPECIAL 1 LITRO,6865,5.04,2.74,0.953
RON-006,HAVANA CLUB BLANCO 1 LITRO,11100,8.15,3.78,0.9339
RON-007,ABUELO PATA DE ELEFANTE DE 1750 ML,9721,7.14,3.46,0.9489
RON-008,ABUELO 1 LITRO,9302,6.83,3.37,0.929
RON-009,FLOR DE CAÑA DE 1 LITRO,6436,4.73,2.64,0.9553
RON-010,CORTEZ DE 1750 ML,11384,8.36,3.8,0.9502
RON-011,BACARDI LIMON DE 750 ML,11607,8.52,4.04,0.9673
SDR-001,DEL VALLE 910 CC,6768,4.97,3.61,0.9781
SNG-001,CASA REAL DON LUCHO COLECCIÒN DE ORO,16740,12.29,5.32,0.9277
SNG-002,CASA REAL DON LUCHO SILVER,7282,5.35,2.98,0.9753
SNG-003,CASA REAL ETIQUETA NEGRA 1 LITRO,11575,8.5,4.01,0.9536
SNG-004,CASA REAL ETIQUETA NEGRA 750 ML,9054,6.65,3.5,0.9544
SNG-005,CASA REAL ETIQUETA ROJA 750 ML,11386,8.36,3.97,0.9402
SNG-006,CASA REAL ETIQUETA AZUL 750 ML,13570,9.96,4.53,0.957
SNG-007,CASA REAL ETIQUETA NEGRA DE 375 ML,11516,8.46,4.03,0.9674
SNG-008,CASA REAL ETIQUETA ROJA DE 375 ML,12323,9.05,4.09,0.9099
SNG-009,RUJERO DE 750 ML NORMAL,12417,9.12,4.2,0.927
SNG-010,RUJERO DE 750 ML SABOR MANGO,10503,7.71,3.67,0.9256
SNG-011,LOS PARRALES ETIQUETA NEGRA 0.75 LITRO,9067,6.66,3.43,0.9657
SNG-012,LOS PARRALES ETIQUETA ROJA 0.75 LITRO,15441,11.34,4.91,0.9664
SNG-013,VIUDA REPOSADA,11166,8.2,3.93,0.9405
SNG-014,GRANADITA GRANDE,9535,7.0,3.52,0.9244
SNG-015,GRANADITA PEQUEÑA,9785,7.18,3.7,0.9403
SNG-016,INSIGNIA,14889,10.93,4.62,0.9389
SNK-001,PAPAS PRINGLES,12786,9.39,4.22,0.9764
SNK-002,PAPAS PON CHIPS,23771,17.45,6.62,0.942
SNK-003,GALLETAS REX,20210,14.84,5.63,0.9325
SNK-004,MANI DULCE,8710,6.4,3.25,0.9568
SNK-005,ALFAJORES GENIO BLANCO,22734,16.69,6.33,0.9341
SNK-006,ALFAJORES GENIO CHOCOLATE,22138,16.25,6.08,0.8959
SNK-007,TURRON,17054,12.52,5.18,0.9556
SNK-008,CHISITOS,21523,15.8,5.91,0.9108
SNK-009,DORITOS PEQUEÑOS,18319,13.45,5.4,0.9249
SNK-010,PIQUEO SNACK PEQUEÑO TIRA,23094,16.96,6.64,0.9348
SNK-011,PIQUEO SNACK MEDIANO 110GR,29003,21.29,7.67,0.9106
SNK-012,PIQUEO SNACK GRANDE 210GR,16933,12.43,5.11,0.9664
SNK-013,PAPAS PICANTES PEQUEÑAS TIRA,19773,14.52,5.66,0.9381
SNK-014,NACHOS NAX PEQUEÑO TIRA,32197,23.64,8.33,0.9305
SNK-015,DORITOS 110 GRMS MEDIANOS,16818,12.35,4.99,0.9382
SNK-016,PAPAS GOURMET CHURRASCO 100 GRS.,14811,10.87,4.52,0.9435
SOD-001,COCA COLA DE 300 ML,21773,15.99,6.08,0.9313
SOD-002,COCA COLA NO RETORNABLE DE 500 ML,33872,24.87,8.76,0.9515
SOD-003,COCA COLA NO RETORNABLE 2 LITROS,26857,19.72,7.04,0.9164
SOD-004,COCA COLA NO RETORNABLE DE 3 LITROS,18922,13.89,5.52,0.9554
SOD-005,COCA COLA NO RETORNABLE DE 3 LITROS - 0 AZUCAR,41404,30.4,9.95,0.9391
SOD-006,COCA COLA RETORNABLE DE 1.5 LITROS,30708,22.55,7.63,0.9138
SOD-007,COCA COLA RETORNABLE DE 2 LITOS,25085,18.42,6.52,0.935
SOD-008,FANTA NARANJA NO RETORNABLE 2 LITROS,29286,21.5,7.46,0.9031
SOD-009,FANTA MANDARINA NO RETORNABLE 2 LITROS,39913,29.3,9.66,0.9386
SOD-010,FANTA PAPAYA NO RETORNABLE 2 LITROS,35830,26.31,8.84,0.9417
SOD-011,FANTA GUARANA NO RETORNABLE 2 LITROS,18103,13.29,5.45,0.9628
SOD-012,FANTA NARANJA NO RETORNABLE 3 LITROS,30972,22.74,7.54,0.9006
SOD-013,FANTA NARANJA RETORNABLE 1.5,23083,16.95,6.47,0.9373
SOD-014,SPRITE NO RETORNABLE 2 LITROS,28529,20.95,7.27,0.9333
SOD-015,SPRITE NO RETORNABLE 3 LITROS,24925,18.3,6.72,0.9564
SOD-016,SPRITE RETORNABLE 1.5 LITROS,36946,27.13,9.01,0.8985
SOD-017,SIMBA PIÑA NO RETORNABLE 2 LITROS,29250,21.48,7.58,0.9445
SOD-018,SIMBA DURAZNO NO RETORNABLE 2 LITOS,31277,22.96,8.18,0.943
SOD-019,SIMBA FRUTILLA,24831,18.23,6.73,0.957
SOD-020,GINGER ALE 1 LITRO,51286,37.65,12.26,0.9257
SOD-021,GINGER ALE 1.5 LITRO,37451,27.5,9.28,0.9514
SOD-022,PEPSI 3 LITROS,21515,15.8,5.9,0.9113
SOD-023,PEPSI 1 LITRO,26510,19.46,6.85,0.9283
SOD-024,PEPSI LATA,45855,33.67,10.69,0.919
SOD-025,SEVEN UP 3L,37325,27.4,8.98,0.921
SOD-026,COCA COLA EN LATA,32021,23.51,8.2,0.9568
SOD-027,CASCADA 3L,22669,16.64,6.23,0.9725
SOD-028,SODA DE 600 ML RETORNABLE - POPULAR,37632,27.63,9.09,0.9097
TJA-001,ENTEL,1698,1.25,1.36,0.9814
TJA-002,VIVA,1094,0.8,1.0,0.9912
TJA-003,TIGO,1238,0.91,1.07,1.0041
TQL-001,JOSE CUERVO DE 750 ML,4073,2.99,2.56,0.954
TQL-002,OLMECA DARKC CHOCOLATE DE 750 ML,4043,2.97,2.5,0.9933
TQL-003,JARANA REPOSADO HECHO EN MEXICO DE 1 LITRO,3195,2.35,2.17,0.9561
TQL-004,JARANA BLANCO DE 1 LITRO,4344,3.19,2.68,1.0047
TQL-005,TEQUILA PEQUEÑO,3457,2.54,2.27,0.9648
TQL-006,CREMA DE FRESAS,2592,1.9,1.82,1.0102
VEP-001,AURORA MOSCATEL,5365,3.94,3.12,0.9898
VEP-002,ALTOSAMA ROSE DE 750 ML ESPUMANTE,5833,4.28,3.5,1.0225
VEP-003,CHANDON ROSE DE 750 ML,2752,2.02,1.98,0.9747
VEP-004,CHANDON EXTRABRUT DE 750 ML,1804,1.32,1.44,0.9919
VEP-005,CHANDON DELICE DE 750 ML,2450,1.8,1.79,0.955
VEP-006,BURBUSH,2367,1.74,1.72,0.9706
VKD-001,SIXTYSEVEN DE 750 ML,5340,3.92,3.03,0.9638
VKD-002,NEW STYLE FRUTOS ROJOS DE 1 LITRO,3731,2.74,2.35,0.9644
VKD-003,SMIRNOFF TROPICAL FRUTIS DE 700 ML,4778,3.51,2.89,0.9752
VKD-004,SKY DE 750 ML,4110,3.02,2.45,0.9442
VKD-005,SKY DE 980 ML,3038,2.23,2.18,1.0421
VKD-006,ICE BOTELLIN VODKA,5659,4.15,3.17,0.9726
VNS-001,ROJO,5852,4.3,2.49,0.9872
VNS-002,CAMPOS DE SOLANA TRIVARIETAL,11580,8.5,3.97,0.9524
VNS-003,CAMPOS DE SOLANA ESTUCHE ENCUENTROTANNAT MALBEC,10266,7.54,3.6,0.9432
VNS-004,CAMPOS DE SOLANA TANNAT MARSELAN BI VARIETAL,9984,7.33,3.5,0.9673
VNS-005,CAMPOS DE SOLANA CABERTNET SAUVIGNON BIVARIETAL,11088,8.14,3.74,0.9105
VNS-006,CAMPOS DE SOLANA MALBEC 2022,7351,5.4,2.92,0.9829
VNS-007,CAMPOS DE SOLANA TANNAT 2021,10160,7.46,3.47,0.9481
VNS-008,CAMPOS DE SOLANA MERLOT,5824,4.28,2.6,1.0166
VNS-009,CAMPOS DE SOLANA MARSELAN,7294,5.36,2.87,0.9795
VNS-010,CAMPOS DE SOLANA ENCUENTRO TANNAT MALBEC,7975,5.86,3.1,0.9983
VNS-011,CAMPOS DE SOLANA ROSE 2022,8608,6.32,3.11,0.9647
VNS-012,CAMPOS DE SOLANA OPORTO,9462,6.95,3.52,0.9885
VNS-013,CAMPOS DE SOLANA CLASICO TINTO,11595,8.51,3.87,0.9732
VNS-014,CAMPOS DE SOLANA CLASICO BLANCO,7019,5.15,2.88,0.9656
VNS-015,LA CONCEPCIÒN COMPLICE,11593,8.51,3.77,0.9281
VNS-016,LA CONCEPCIÒN CABERNET FRANC,5815,4.27,2.41,0.958
VNS-017,LA CONCEPCIÒN CABERNET SAUVIGNON - MERLOT - SYRAH,13282,9.75,3.99,0.9305
VNS-018,LA CONCEPCIÒN ESTIRPE VINO TINTO,5319,3.91,2.3,0.9577
VNS-019,LA CONCEPCIÒN ESTIRPE VINO BLANCO,12264,9.0,3.96,0.9405
VNS-020,SANTO PATRONO COPLA MOSCATEL DE ALEJANDRIA Y PINOT BLANC,7899,5.8,3.09,0.9672
VNS-021,TORO BONARDA SIRAH DE 1125 ML,9433,6.93,3.46,0.9708
VNS-022,TORO VIEJO BONARDA SIRAH DE 3000 ML,9978,7.33,3.42,0.9326
VNS-023,TORO CARTON BLANCO,6929,5.09,2.73,0.951
VNS-024,TORO CARTON TINTO,6141,4.51,2.6,0.9774
VNS-025,ARANJUEZ PIONERO,8830,6.48,3.24,0.9529
VNS-026,ARANJUEZ CABERNET FRANC,4456,3.27,2.14,1.009
VNS-027,ARANJUEZ ALMA DE TANNAT ROSE,6594,4.84,2.71,0.9495
VNS-028,ARANJUEZ SWEET,8366,6.14,3.17,1.0115
VNS-029,ARANJUEZ TANNAT DE 750 ML,7779,5.71,2.94,0.9923
VNS-030,ARANJUEZ DUO BLANCO,6908,5.07,2.74,0.9785
VNS-031,ARANJUEZ DUO TANNAT MERLOT - ROJO,4758,3.49,2.3,0.9855
VNS-032,ARANJUEZ DUO BONARDA - AZUL,13072,9.6,4.15,0.93
VNS-033,ARANJUEZ TERRUÑO BLANCO,12385,9.09,4.0,0.9624
VNS-034,ARANJUEZ TERRUÑO TINTO,3997,2.93,2.02,0.9765
VNS-035,ARANJUEZ TERRUÑO OPORTO,6229,4.57,2.64,0.9844
VNS-036,ARANJUEZ GRAN VINO BLANCO,7074,5.19,2.84,0.9446
VNS-037,ARANJUEZ TANNAT ORIGEN,6498,4.77,2.74,0.9698
VNS-038,KHOLBERG BICENTENARIO,10070,7.39,3.61,0.9826
VNS-039,KOLBERH TANNAT RAIZ,10248,7.52,3.58,0.944
VNS-040,KOLBERTH ESTELAR,9103,6.68,3.22,0.969
VNS-041,KOLBERTH ROSE FLAMANT,4755,3.49,2.23,0.9819
VNS-042,KOLBERTH SYRAH,8715,6.4,3.36,0.9816
VNS-043,KOLBERTH CABERNET,7686,5.64,2.96,0.973
VNS-044,KOLBERTH MALBEC,6888,5.06,2.78,0.9543
VNS-045,KOLBERTH BLEND,9265,6.8,3.33,0.9393
VNS-046,KOLBERTH BLANC,12516,9.19,4.07,0.9846
VNS-047,KOLBERTH CLASICO TINTO,7771,5.71,3.02,0.9774
VNS-048,KOLBERTH CLASICO BLANCO,7763,5.7,2.88,0.9708
WSK-001,GRANT`S BLENDED SCOTCH,5369,3.94,3.19,0.9768
WSK-002,GRAND OLD PARR CON VASO,5364,3.94,3.28,0.9922
WSK-003,GRAND OLD PARR SIN VASO,4811,3.53,2.94,0.9742
WSK-004,JOHNNIE WALKER BLACK LABEL,5041,3.7,3.03,0.9848
WSK-005,JOHNNIE WALKER BLACK LABEL + JOHNNIE WALKER GOLD RESERVE,3609,2.65,2.4,0.9453
WSK-006,JOHNNIE WALKER RED LABEL 75 ML,2709,1.99,1.83,1.0213
WSK-007,JOHNNIE WALKER RED LABEL 1 LITRO,4898,3.6,2.83,1.0026
WSK-008,CHIVAS REGAL,6172,4.53,3.56,1.0168
WSK-009,JACK DANIEL`S JENNESSEE SOUR MASH WISKEY,1936,1.42,1.48,0.9754
WSK-010,JACK DANIEL`S ORIGINAL BECIPE,7202,5.29,3.88,0.9702
